rc,band_pairs,total_typologies,spanned_typologies
Comedy,10,25,AVInfo;AttributeTypes;ContextualAttributes;Denotatives;EventTypes;RepresentationTypes;SituationTypes;TimeTypes;VisualInfo
Parody,10,25,AVInfo;AttributeTypes;ContextualAttributes;Denotatives;EventTypes;RepresentationTypes;SituationTypes;TimeTypes;VisualInfo
RoastComedy,10,25,AVInfo;AttributeTypes;ContextualAttributes;Denotatives;EventTypes;RepresentationTypes;SituationTypes;TimeTypes;VisualInfo
SituationalComedy,10,25,AVInfo;AttributeTypes;ContextualAttributes;Denotatives;EventTypes;RepresentationTypes;SituationTypes;TimeTypes;VisualInfo
Ejaculation,10,11,Animals;ContextualAttributes;Eukaryotes;LivingThings;MediativeRelations;OrganicMatter;RelationTypes;SituationTypes
Dominatrix,9,17,ActionTypes;Animals;CopulativeRelations;Eukaryotes;IntrinsicAttributes;RelationTypes
Hungry,9,10,Animals;ContextualAttributes;Eukaryotes;LivingThings;MediativeRelations;RelationTypes;SituationTypes
AuthenticationEvent,8,14,ActionTypes;Associatives;CopulativeRelations;EventTypes;InquiryMethods;RelationTypes;RepresentationTypes;TimeTypes
EmailAuthentication,8,14,ActionTypes;Associatives;CopulativeRelations;EventTypes;InquiryMethods;RelationTypes;RepresentationTypes;TimeTypes
Pollination,8,14,ActionTypes;AttributeTypes;ContextualAttributes;CopulativeRelations;Eukaryotes;Plants;RelationTypes
PollinationManagement,8,14,ActionTypes;AttributeTypes;ContextualAttributes;CopulativeRelations;Eukaryotes;Plants;RelationTypes
PollinatorDecline,8,14,ActionTypes;AttributeTypes;ContextualAttributes;CopulativeRelations;Eukaryotes;Plants;RelationTypes
Crucifix_ChristianSymbol,7,19,ConceptualSystems;Denotatives;Indexes;KnowledgeDomains;RepresentationTypes;TopicsCategories
Rice,7,13,CopulativeRelations;Eukaryotes;FoodDrink;Plants;Predications;RelationTypes
RiceVariety,7,13,CopulativeRelations;Eukaryotes;FoodDrink;Plants;Predications;RelationTypes
NorthCelestialPole,7,12,AreaRegion;Concepts;ConceptualSystems;KnowledgeDomains;LocationPlace;Methodeutic;Places
SouthCelestialPole,7,12,AreaRegion;Concepts;ConceptualSystems;KnowledgeDomains;LocationPlace;Methodeutic;Places
Instinct,7,11,ActionTypes;AttributeTypes;Concepts;ConceptualSystems;CopulativeRelations;IntrinsicAttributes;RelationTypes;Systems
Equator_Celestial,6,20,AreaRegion;AttributeTypes;Concepts;ConceptualSystems;ContextualAttributes;Places
BloodDiamond,6,15,AtomsElements;ConceptualSystems;NaturalSubstances;PrimarySectorProducts;Shapes;Systems;TopicsCategories
DiamondSimulant,6,15,AtomsElements;ConceptualSystems;NaturalSubstances;PrimarySectorProducts;Shapes;Systems;TopicsCategories
Diamond_Gem,6,15,AtomsElements;ConceptualSystems;NaturalSubstances;PrimarySectorProducts;Shapes;Systems;TopicsCategories
IndividualDiamond,6,15,AtomsElements;ConceptualSystems;NaturalSubstances;PrimarySectorProducts;Shapes;Systems;TopicsCategories
SyntheticDiamond,6,15,AtomsElements;ConceptualSystems;NaturalSubstances;PrimarySectorProducts;Shapes;Systems;TopicsCategories
AmanitaRegalis,6,13,Drugs;FoodDrink;KnowledgeDomains;Methodeutic;ProtistsFungus;Systems
Backlit,6,13,AVInfo;AttributeTypes;ContextualAttributes;SituationTypes;VisualInfo
FlyAgaricMushroom,6,13,Drugs;FoodDrink;KnowledgeDomains;Methodeutic;ProtistsFungus;Systems
HallucinogenicMushroom,6,13,Drugs;FoodDrink;KnowledgeDomains;Methodeutic;ProtistsFungus;Systems
PsilocybinMushroom,6,13,Drugs;FoodDrink;KnowledgeDomains;Methodeutic;ProtistsFungus;Systems
Silhouetted,6,13,AVInfo;AttributeTypes;ContextualAttributes;SituationTypes;VisualInfo
SodiumBicarbonate,5,14,Chemistry;Constituents;Drugs;FoodDrink;Forms;NaturalMatter;SpaceTypes
Absinthe,5,13,ConceptualSystems;Constituents;Drugs;FoodDrink;Forms;SpaceTypes;TopicsCategories
Evidence,5,12,ActionTypes;Associatives;CopulativeRelations;Indexes;InquiryMethods;RelationTypes
AxialNorthPoleOfEarth,5,11,Concepts;ConceptualSystems;KnowledgeDomains;LocationPlace;Methodeutic;Places
AxialPoleOfPlanet,5,11,Concepts;ConceptualSystems;KnowledgeDomains;LocationPlace;Methodeutic;Places
AxialSouthPoleOfEarth,5,11,Concepts;ConceptualSystems;KnowledgeDomains;LocationPlace;Methodeutic;Places
Machismo_Pride,5,11,Agents;ContextualAttributes;MediativeRelations;OrganicMatter;Persons;SituationTypes
Cruelty,5,10,Agents;ContextualAttributes;MediativeRelations;OrganicMatter;Persons;SituationTypes
ClayAnimation,4,20,ConceptualSystems;Denotatives;RepresentationTypes;TopicsCategories
ElectronTransportChain,4,19,BiologicalChemistry;BiologicalProcesses;NaturalPhenomena;OrganicMatter;TopicsCategories
PlasticRubberFoam,4,18,BiologicalChemistry;Chemistry;EventTypes;Shapes;TimeTypes
Polystyrene,4,18,BiologicalChemistry;Chemistry;EventTypes;Shapes;TimeTypes
RubberFoam,4,18,BiologicalChemistry;Chemistry;EventTypes;Shapes;TimeTypes
SiliconeFoam,4,18,BiologicalChemistry;Chemistry;EventTypes;Shapes;TimeTypes
OpticalIllusion,4,15,ConceptualSystems;Denotatives;RepresentationTypes;TopicsCategories
SheafTheory,4,15,Forms;InquiryMethods;LearningProcesses;SpaceTypes
ZipCode,4,14,Indexes;KnowledgeDomains;TertiarySectorServices;WrittenInfo
KnowHow_AgentCapacityQuantity,4,13,Concepts;Forms;LearningProcesses;SpaceTypes
Scoutcraft,4,13,Concepts;Forms;LearningProcesses;SpaceTypes
AggressiveMimicry,4,12,ActionTypes;AdjunctualAttributes;CopulativeRelations;MediativeRelations;RelationTypes
Automimicry,4,12,ActionTypes;AdjunctualAttributes;CopulativeRelations;MediativeRelations;RelationTypes
BatesianMimicry,4,12,ActionTypes;AdjunctualAttributes;CopulativeRelations;MediativeRelations;RelationTypes
Marijuana,4,12,ConceptualSystems;Eukaryotes;Plants;TopicsCategories
Mimicry,4,12,ActionTypes;AdjunctualAttributes;CopulativeRelations;MediativeRelations;RelationTypes
MullerianMimicry,4,12,ActionTypes;AdjunctualAttributes;CopulativeRelations;MediativeRelations;RelationTypes
Testimony,4,12,ActionTypes;Associatives;CopulativeRelations;InquiryMethods;RelationTypes
ArtificialChristmasTree,4,11,ConceptualSystems;Eukaryotes;Plants;TopicsCategories
BotulinumToxin_Aerosolized,4,11,BiologicalChemistry;KnowledgeDomains;Methodeutic;Shapes;Systems
ChristmasTree,4,11,ConceptualSystems;Eukaryotes;Plants;TopicsCategories
CutFlower,4,11,ConceptualSystems;Eukaryotes;Plants;TopicsCategories
FermentedFood,4,11,ActionTypes;CopulativeRelations;FoodDrink;Predications;RelationTypes
Guyot,4,11,MediativeRelations;NaturalSubstances;Predications;RelationTypes;SituationTypes
Mistletoe,4,11,ConceptualSystems;Eukaryotes;Plants;TopicsCategories
Naem,4,11,ActionTypes;CopulativeRelations;FoodDrink;Predications;RelationTypes
NaturalChristmasTree,4,11,ConceptualSystems;Eukaryotes;Plants;TopicsCategories
Seamount,4,11,MediativeRelations;NaturalSubstances;Predications;RelationTypes;SituationTypes
TrimmedChristmasTree,4,11,ConceptualSystems;Eukaryotes;Plants;TopicsCategories
Verification,4,11,ActionTypes;Associatives;CopulativeRelations;InquiryMethods;RelationTypes
VerificationOfCredit,4,11,ActionTypes;Associatives;CopulativeRelations;InquiryMethods;RelationTypes
VerificationOfEmployment,4,11,ActionTypes;Associatives;CopulativeRelations;InquiryMethods;RelationTypes
VerificationOfTruth,4,11,ActionTypes;Associatives;CopulativeRelations;InquiryMethods;RelationTypes
OuterSpace,4,10,MediativeRelations;NaturalSubstances;Predications;RelationTypes;SituationTypes
ChemicalBond,4,9,Associatives;Chemistry;NaturalMatter;RepresentationTypes
CovalentBond,4,9,Associatives;Chemistry;NaturalMatter;RepresentationTypes
DownyMildew,4,9,Diseases;KnowledgeDomains;Methodeutic;ProtistsFungus;Systems
HydrogenBond,4,9,Associatives;Chemistry;NaturalMatter;RepresentationTypes
IonicBond,4,9,Associatives;Chemistry;NaturalMatter;RepresentationTypes
MetallicBond,4,9,Associatives;Chemistry;NaturalMatter;RepresentationTypes
Mildew,4,9,Diseases;KnowledgeDomains;Methodeutic;ProtistsFungus;Systems
PhosphodiesterBond,4,9,Associatives;Chemistry;NaturalMatter;RepresentationTypes
PolarCovalentBond,4,9,Associatives;Chemistry;NaturalMatter;RepresentationTypes
PowderyMildew,4,9,Diseases;KnowledgeDomains;Methodeutic;ProtistsFungus;Systems
Foliage,4,7,CopulativeRelations;Eukaryotes;Plants;RelationTypes
ElectricPowerTransmissionSystem,3,21,ConceptualSystems;ContextualAttributes;Places;TopicsCategories
ElectricalOutlet,3,21,ConceptualSystems;ContextualAttributes;Places;TopicsCategories
ElectricalPlug,3,21,ConceptualSystems;ContextualAttributes;Places;TopicsCategories
HighVoltageDirectCurrent,3,21,ConceptualSystems;ContextualAttributes;Places;TopicsCategories
PowerLine,3,21,ConceptualSystems;ContextualAttributes;Places;TopicsCategories
TelephonePlug,3,21,ConceptualSystems;ContextualAttributes;Places;TopicsCategories
Cocaine_Powder,3,17,Constituents;Drugs;Forms;SpaceTypes
Fratire,3,17,AttributeTypes;Concepts;ConceptualSystems;ContextualAttributes
CommonSense,3,16,Concepts;Forms;InquiryMethods;SpaceTypes
Gloss,3,16,ActionTypes;Associatives;CopulativeRelations;RelationTypes
StainedGlassWindow,3,16,AVInfo;Facilities;Information;VisualInfo
Flour,3,15,BiologicalChemistry;Eukaryotes;FoodDrink;Plants
IsotopeOfUranium,3,15,AttributeTypes;IntrinsicAttributes;NaturalSubstances;Predications
ReprocessedUranium,3,15,AttributeTypes;IntrinsicAttributes;NaturalSubstances;Predications
RiceFlour,3,15,BiologicalChemistry;Eukaryotes;FoodDrink;Plants
ShipsLostWithAllHands,3,15,Artifacts;Concepts;Diseases;LivingThings
Sugar_Table,3,15,BiologicalChemistry;Eukaryotes;FoodDrink;Plants
TheoryOfGravitation,3,15,InquiryMethods;LearningProcesses;NaturalPhenomena;TopicsCategories
Uranium,3,15,AttributeTypes;IntrinsicAttributes;NaturalSubstances;Predications
Uranium_Enriched,3,15,AttributeTypes;IntrinsicAttributes;NaturalSubstances;Predications
WeaponsGradeUranium,3,15,AttributeTypes;IntrinsicAttributes;NaturalSubstances;Predications
WheatFlour,3,15,BiologicalChemistry;Eukaryotes;FoodDrink;Plants
Atropine,3,14,Constituents;Drugs;Forms;SpaceTypes
CarbonSink,3,14,BiologicalChemistry;BiologicalProcesses;NaturalPhenomena;OrganicMatter
Gargoyle_Sculpture,3,14,AVInfo;Facilities;Information;VisualInfo
Gargoyle_Spout,3,14,AVInfo;Facilities;Information;VisualInfo
Panting,3,14,BiologicalChemistry;BiologicalProcesses;NaturalPhenomena;OrganicMatter
ParaTableTennis,3,14,Artifacts;Diseases;Products;SecondarySectorProducts
ThesaurusProgram,3,14,Associatives;EmergentKnowledge;RepresentationTypes;SecondarySectorProducts
WheelchairBasketball,3,14,Artifacts;Diseases;Products;SecondarySectorProducts
WheelchairBasketballCompetition,3,14,Artifacts;Diseases;Products;SecondarySectorProducts
AceticAcid,3,13,Constituents;Drugs;Forms;SpaceTypes
CornishHen,3,13,AttributeTypes;FoodDrink;IntrinsicAttributes;Predications
Cow,3,13,AttributeTypes;FoodDrink;IntrinsicAttributes;Predications
Thesaurus,3,13,Associatives;EmergentKnowledge;RepresentationTypes;SecondarySectorProducts
Black_EyeColor,3,12,ConceptualSystems;IntrinsicAttributes;Systems;TopicsCategories
Blue_EyeColor,3,12,ConceptualSystems;IntrinsicAttributes;Systems;TopicsCategories
Brown_EyeColor,3,12,ConceptualSystems;IntrinsicAttributes;Systems;TopicsCategories
DustStormAsObject,3,12,ActionTypes;EventTypes;Shapes;TimeTypes
Gray_EyeColor,3,12,ConceptualSystems;IntrinsicAttributes;Systems;TopicsCategories
Green_EyeColor,3,12,ConceptualSystems;IntrinsicAttributes;Systems;TopicsCategories
Hazel_EyeColor,3,12,ConceptualSystems;IntrinsicAttributes;Systems;TopicsCategories
Rooster,3,12,AttributeTypes;FoodDrink;IntrinsicAttributes;Predications
VideoArt,3,12,AudioInfo;KnowledgeDomains;Methodeutic;Systems
Chitosan,3,11,BiologicalChemistry;Chemistry;FoodDrink;NaturalMatter
Aspartame,3,10,BiologicalChemistry;Chemistry;FoodDrink;NaturalMatter
CalciumIon,3,10,AtomsElements;BiologicalProcesses;CopulativeRelations;RelationTypes
DisabilityRobot,3,10,Artifacts;Diseases;Products;SecondarySectorProducts
MonosodiumGlutamate,3,10,BiologicalChemistry;Chemistry;FoodDrink;NaturalMatter
OperaGenre,3,10,AudioInfo;KnowledgeDomains;Methodeutic;Systems
TragediesEnMusique,3,10,AudioInfo;KnowledgeDomains;Methodeutic;Systems
CyberpunkSubgenre,3,9,AudioInfo;KnowledgeDomains;Methodeutic;Systems
CyberpunkTheme,3,9,AudioInfo;KnowledgeDomains;Methodeutic;Systems
Cypherpunk,3,9,AudioInfo;KnowledgeDomains;Methodeutic;Systems
MusicalComposition_Cyberpunk,3,9,AudioInfo;KnowledgeDomains;Methodeutic;Systems
Paraformaldehyde,3,9,Constituents;Drugs;Forms;SpaceTypes
SpermicidalCream,3,9,Constituents;Drugs;Forms;SpaceTypes
Beauty,3,8,ConceptualSystems;IntrinsicAttributes;Systems;TopicsCategories
FinalStellationOfTheIcosahedron,3,8,KnowledgeDomains;Methodeutic;Shapes;Systems
Fungus_Generic,3,8,KnowledgeDomains;Methodeutic;ProtistsFungus;Systems
Imposter,3,8,Agents;Concepts;ConceptualSystems;Persons
Macho,3,8,Agents;Concepts;ConceptualSystems;Persons
MasculinePerson,3,8,Agents;Concepts;ConceptualSystems;Persons
PositionsOfAuthority,3,8,Agents;Concepts;ConceptualSystems;Persons
Stellation,3,8,KnowledgeDomains;Methodeutic;Shapes;Systems
AnimalBodyShapeType,3,7,Animals;Eukaryotes;LivingThings;Shapes
Cuboid,3,7,Animals;Eukaryotes;LivingThings;Shapes
QuadrupedBodyShaped,3,7,Animals;Eukaryotes;LivingThings;Shapes
Radiata,3,7,Animals;Eukaryotes;LivingThings;Shapes
ExperimentalMovie,2,21,AVInfo;SituationTypes;VisualInfo
Write_off,2,21,ConceptualSystems;EconomicSystems;LearningProcesses
BankDraft,2,19,EconomicSystems;PrimarySectorProducts;SocialSystems
Check_TenderObject,2,19,EconomicSystems;PrimarySectorProducts;SocialSystems
ConsistencyModel,2,19,EmergentKnowledge;InquiryMethods;SecondarySectorProducts;StructuredInfo
LiftTicket,2,19,EconomicSystems;PrimarySectorProducts;SocialSystems
MoneyOrder,2,19,EconomicSystems;PrimarySectorProducts;SocialSystems
PersonalCheck,2,19,EconomicSystems;PrimarySectorProducts;SocialSystems
PostalOrder,2,19,EconomicSystems;PrimarySectorProducts;SocialSystems
TravellersCheck,2,19,EconomicSystems;PrimarySectorProducts;SocialSystems
Brand,2,18,Society;StructuredInfo;TertiarySectorServices;WrittenInfo
DynamicsProcessing,2,16,LearningProcesses;NaturalPhenomena;TopicsCategories
NationalSymbol,2,16,AttributeTypes;ContextualAttributes;Indexes
NationalSymbolOfAlgeria,2,16,AttributeTypes;ContextualAttributes;Indexes
NationalSymbolOfHerm,2,16,AttributeTypes;ContextualAttributes;Indexes
NationalSymbolOfNauru,2,16,AttributeTypes;ContextualAttributes;Indexes
NationalSymbolOfSark,2,16,AttributeTypes;ContextualAttributes;Indexes
NationalSymbolOfSomalia,2,16,AttributeTypes;ContextualAttributes;Indexes
NationalSymbolOfThePalestinianNationalAuthority,2,16,AttributeTypes;ContextualAttributes;Indexes
NationalSymbolOfTheRepublicOfChina,2,16,AttributeTypes;ContextualAttributes;Indexes
NationalSymbolOfVietnam,2,16,AttributeTypes;ContextualAttributes;Indexes
IntelligenceTest,2,15,Forms;InquiryMethods;SpaceTypes
Logo,2,15,Indexes;KnowledgeDomains;TertiarySectorServices
PreparingFinancialRecords,2,15,ConceptualSystems;EconomicSystems;LearningProcesses
2009FluPandemic,2,14,Concepts;Diseases;LivingThings
AlcoholAbuse,2,14,Concepts;Diseases;LivingThings
Coriander,2,14,FoodDrink;KnowledgeDomains;Methodeutic
EcologicalMetric,2,14,Forms;InquiryMethods;SpaceTypes
EpidemicTyphus_NAmerica,2,14,Concepts;Diseases;LivingThings
FluPandemic,2,14,Concepts;Diseases;LivingThings
GarlicClove,2,14,FoodDrink;KnowledgeDomains;Methodeutic
GeorgianCalligraphy,2,14,EventTypes;TimeTypes;WrittenInfo
Index_List_Information,2,14,Associatives;Indexes;WrittenInfo
Kava,2,14,FoodDrink;KnowledgeDomains;Methodeutic
LearningManagementSystem,2,14,LearningProcesses;SecondarySectorProducts;StructuredInfo
MethMouth,2,14,Concepts;Diseases;LivingThings
Superstring,2,14,InquiryMethods;LearningProcesses;NaturalPhenomena
AutomaticCarWindow,2,13,KnowledgeDomains;LocationPlace;Methodeutic
EcologicalIndicator,2,13,Forms;InquiryMethods;SpaceTypes
EnvironmentalIndicator,2,13,Forms;InquiryMethods;SpaceTypes
EnvironmentalResearch,2,13,Forms;InquiryMethods;SpaceTypes
FIPSStateCode,2,13,Indexes;KnowledgeDomains;TertiarySectorServices
FIPSState_CountyCode,2,13,Indexes;KnowledgeDomains;TertiarySectorServices
Geocode,2,13,Indexes;KnowledgeDomains;TertiarySectorServices
InternationalPostalCode,2,13,Indexes;KnowledgeDomains;TertiarySectorServices
PitchModificationSoftware,2,13,LearningProcesses;SecondarySectorProducts;StructuredInfo
PostalCode,2,13,Indexes;KnowledgeDomains;TertiarySectorServices
BrainwashingTheoryProponent,2,12,KnowledgeDomains;Methodeutic;Persons
AngiospermReproduction,2,11,AttributeTypes;ContextualAttributes;Plants
Arrowroot_Starch,2,11,BiologicalChemistry;Eukaryotes;Plants
DioeciousPlantSpecies,2,11,AttributeTypes;ContextualAttributes;Plants
Dyslexia,2,11,Diseases;LearningProcesses;LivingThings
DyslexiaResearch,2,11,Diseases;LearningProcesses;LivingThings
EnglishSpelling,2,11,EventTypes;TimeTypes;WrittenInfo
FrillyClothingStyle,2,11,Concepts;Forms;SecondarySectorProducts
Fructose,2,11,BiologicalChemistry;Eukaryotes;Plants
Garlic,2,11,FoodDrink;KnowledgeDomains;Methodeutic
Gesture,2,11,AVInfo;SituationTypes;VisualInfo
Glucose,2,11,BiologicalChemistry;Eukaryotes;Plants
Glucoside,2,11,BiologicalChemistry;Eukaryotes;Plants
GrammarChecker,2,11,EventTypes;TimeTypes;WrittenInfo
HandGesture,2,11,AVInfo;SituationTypes;VisualInfo
HermaphroditicPlantSpecies,2,11,AttributeTypes;ContextualAttributes;Plants
LearningDisability,2,11,Diseases;LearningProcesses;LivingThings
MetaphorsReferringToWarAndViolence,2,11,EventTypes;TimeTypes;WrittenInfo
MonoeciousPlantSpecies,2,11,AttributeTypes;ContextualAttributes;Plants
NonstandardSpelling,2,11,EventTypes;TimeTypes;WrittenInfo
Spelling,2,11,EventTypes;TimeTypes;WrittenInfo
SpellingCompetition,2,11,EventTypes;TimeTypes;WrittenInfo
TheoryOfDyslexia,2,11,Diseases;LearningProcesses;LivingThings
CastorBeanSeed,2,10,BiologicalChemistry;Eukaryotes;Plants
Jomsvikings,2,10,KnowledgeDomains;Methodeutic;Persons
Norman,2,10,KnowledgeDomains;Methodeutic;Persons
SpiderBite,2,10,Concepts;Diseases;LivingThings
Varangians,2,10,KnowledgeDomains;Methodeutic;Persons
Viking,2,10,KnowledgeDomains;Methodeutic;Persons
Viking_CultureType,2,10,KnowledgeDomains;Methodeutic;Persons
VirtualLearningEnvironment,2,10,LearningProcesses;SecondarySectorProducts;StructuredInfo
ExtraterrestrialPerson,2,9,KnowledgeDomains;Methodeutic;Persons
Martian,2,9,KnowledgeDomains;Methodeutic;Persons
Vinegar,2,9,Chemistry;FoodDrink;NaturalMatter
Cone_Topographical,2,8,AreaRegion;NaturalSubstances;Shapes
DummyCompany,2,8,Agents;Concepts;Organizations
Rubble,2,8,AreaRegion;CopulativeRelations;Forms
Command,2,7,EventTypes;TimeTypes;WrittenInfo
ConsumingFood_FoodTopic,2,7,ConceptualSystems;FoodDrink;TopicsCategories
EqualsSign_TheSymbol,2,7,DirectRelations;Information;StructuredInfo
FoodAndDrink_Topic,2,7,ConceptualSystems;FoodDrink;TopicsCategories
FoodChain,2,7,ConceptualSystems;FoodDrink;TopicsCategories
Food_Topic,2,7,ConceptualSystems;FoodDrink;TopicsCategories
Foodstuffs_Food_Topic,2,7,ConceptualSystems;FoodDrink;TopicsCategories
GeneticVariation,2,7,LivingThings;MediativeRelations;SituationTypes
HungerAndMalnutrition_FoodTopic,2,7,ConceptualSystems;FoodDrink;TopicsCategories
Abnormal_Organism_Whole,2,6,LivingThings;MediativeRelations;SituationTypes
Mutant,2,6,LivingThings;MediativeRelations;SituationTypes
CustomerCommunicationsManagement,1,18,Society;StructuredInfo
BusinessModel,1,17,EconomicSystems;EmergentKnowledge
ComputerModel,1,17,InquiryMethods;StructuredInfo
Cyc,1,17,StructuredInfo;TopicsCategories
DBpedia,1,17,StructuredInfo;TopicsCategories
KBpedia,1,17,StructuredInfo;TopicsCategories
SimulationSoftware,1,17,InquiryMethods;StructuredInfo
UMBEL,1,17,StructuredInfo;TopicsCategories
AtomicModel,1,16,EmergentKnowledge;SecondarySectorProducts
MineralModel,1,16,EmergentKnowledge;SecondarySectorProducts
CausalFallacy,1,15,LearningProcesses;TopicsCategories
OilSpill,1,15,Concepts;NaturalPhenomena
OilSpillInTheGulfOfMexico,1,15,Concepts;NaturalPhenomena
AlarmSound,1,14,AudioInfo;Indexes
AmericanCollegeTestingProgramAssessment,1,14,InquiryMethods;StructuredInfo
AtomicLineFilter,1,14,LearningProcesses;SecondarySectorProducts
Band_passFilter,1,14,LearningProcesses;SecondarySectorProducts
CollegeEntranceTest,1,14,InquiryMethods;StructuredInfo
CookingWeightsAndMeasure,1,14,InquiryMethods;NaturalPhenomena
DistributedElementFilter,1,14,LearningProcesses;SecondarySectorProducts
HolonomicBrainTheory,1,14,Concepts;LearningProcesses
Petroglyph,1,14,StructuredInfo;TopicsCategories
SavingAFile,1,14,LearningProcesses;StructuredInfo
ScholasticAptitudeTest,1,14,InquiryMethods;StructuredInfo
SignalFilter,1,14,LearningProcesses;SecondarySectorProducts
SirenSound,1,14,AudioInfo;Indexes
WaveguideFilter,1,14,LearningProcesses;SecondarySectorProducts
FederalTaxReturn,1,13,TertiarySectorServices;WrittenInfo
Full_stop,1,13,Indexes;WrittenInfo
InterpretationsOfQuantumMechanics,1,13,LearningProcesses;TopicsCategories
KnowledgeRepresentationLanguage,1,13,EmergentKnowledge;WrittenInfo
OWL_WebOntologyLanguage,1,13,EmergentKnowledge;WrittenInfo
PunctuationMark,1,13,Indexes;WrittenInfo
RDFDataAccess,1,13,EmergentKnowledge;WrittenInfo
RDF_ResourceDescriptionFramework,1,13,EmergentKnowledge;WrittenInfo
TaxReturn,1,13,TertiarySectorServices;WrittenInfo
Barrel_Container,1,12,ActionTypes;Shapes
CircusSkill,1,12,Concepts;LearningProcesses
FoodStorageJar,1,12,ActionTypes;Shapes
GlassJar,1,12,ActionTypes;Shapes
InfraredImaging,1,12,InquiryMethods;NaturalPhenomena
Jar,1,12,ActionTypes;Shapes
ParalympicVolleyball,1,12,Artifacts;Diseases
PlasticJar,1,12,ActionTypes;Shapes
RadarSignalProcessing,1,12,LearningProcesses;SecondarySectorProducts
Radiometry,1,12,InquiryMethods;NaturalPhenomena
AlarmSignal,1,11,AudioInfo;Indexes
AlternativeEnergy,1,11,Concepts;Forms
AquaticEcosystem,1,11,AreaRegion;Forms
BrainDisease,1,11,Diseases;SpaceTypes
CatTypeByBreed,1,11,Animals;ContextualAttributes
CentralNervousSystemDisease,1,11,Diseases;SpaceTypes
CentralNervousSystemInfection,1,11,Diseases;SpaceTypes
ChewingGum,1,11,FoodDrink;Shapes
ColdSpring,1,11,AreaRegion;Forms
DemyelinatingDiseasesOfCNS,1,11,Diseases;SpaceTypes
Dune,1,11,AreaRegion;PrimarySectorProducts
Gum,1,11,FoodDrink;Shapes
HepaticEncephalopathy,1,11,Diseases;SpaceTypes
Intelligence,1,11,Concepts;LearningProcesses
KnowledgeRepresentationSoftware,1,11,EmergentKnowledge;SecondarySectorProducts
Mayonnaise,1,11,FoodDrink;Shapes
Ornamentation,1,11,Associatives;AudioInfo
RaceHumanCategorization,1,11,StructuredInfo;TopicsCategories
SaladDressing,1,11,FoodDrink;Shapes
SandArea,1,11,AreaRegion;PrimarySectorProducts
SymbolicsDocumentExaminer,1,11,EmergentKnowledge;SecondarySectorProducts
UrothelialTumor,1,11,Diseases;SpaceTypes
ViralInfectionsOfTheCentralNervousSystem,1,11,Diseases;SpaceTypes
VolcanicAsh,1,11,AreaRegion;PrimarySectorProducts
WhippedCream,1,11,FoodDrink;Shapes
WindowPane,1,11,AreaRegion;Forms
Autograph,1,10,Associatives;Indexes
BillOfRights_US,1,10,Society;StructuredInfo
CricketSkill,1,10,Concepts;LearningProcesses
FreeAccountingSoftware,1,10,Concepts;SecondarySectorProducts
FreeApplicationSoftware,1,10,Concepts;SecondarySectorProducts
FreeDataRecoverySoftware,1,10,Concepts;SecondarySectorProducts
FreeSoftwareProgrammedInAda,1,10,Concepts;SecondarySectorProducts
Freeware,1,10,Concepts;SecondarySectorProducts
Freeware3DGraphicsSoftware,1,10,Concepts;SecondarySectorProducts
FreewareGame,1,10,Concepts;SecondarySectorProducts
Gravimetry,1,10,Concepts;NaturalPhenomena
HandRail,1,10,Facilities;Shapes
IceCube,1,10,NaturalSubstances;Shapes
LegalCode_ModernWestern,1,10,Society;StructuredInfo
LifeSkills,1,10,Concepts;LearningProcesses
Signature,1,10,Associatives;Indexes
Skill,1,10,Concepts;LearningProcesses
StudySkill,1,10,Concepts;LearningProcesses
UnitedStatesCode,1,10,Society;StructuredInfo
UnpavedRoadway,1,10,AreaRegion;Forms
VehicleRegistrationPlate,1,10,SpaceTypes;StructuredInfo
WindowsOnlyFreeware,1,10,Concepts;SecondarySectorProducts
AudioMixing,1,9,AudioInfo;Systems
AutomobileWheel,1,9,Shapes;Systems
BoundedDirectedAcyclicGraph,1,9,SpaceTypes;StructuredInfo
ConsonanceAndDissonance,1,9,Associatives;AudioInfo
Cornerstone,1,9,Facilities;Shapes
DepthContour,1,9,AreaRegion;Shapes
EnglishLanguageEducation,1,9,TertiarySectorServices;WrittenInfo
GermanLanguageEducation,1,9,TertiarySectorServices;WrittenInfo
Glucosamine,1,9,BiologicalChemistry;FoodDrink
ImprovedSurface_PathArtifact,1,9,AreaRegion;Forms
JazzRadio,1,9,AudioInfo;Systems
MelodicMotion,1,9,Associatives;AudioInfo
MelodicSection,1,9,Associatives;AudioInfo
MelodyTypes,1,9,Associatives;AudioInfo
ModalFrame,1,9,Associatives;AudioInfo
Motif,1,9,Associatives;AudioInfo
NetworkFlowSystem_Bounded,1,9,SpaceTypes;StructuredInfo
RussianLanguageEducation,1,9,TertiarySectorServices;WrittenInfo
Snowfield,1,9,AreaRegion;CopulativeRelations
SpanishLanguageEducation,1,9,TertiarySectorServices;WrittenInfo
Tune,1,9,Associatives;AudioInfo
UnpavedPathArtifact,1,9,AreaRegion;Forms
AreaCode,1,8,Indexes;WrittenInfo
ComputerDisplayActiveArea,1,8,SpaceTypes;StructuredInfo
ComputerDisplayMenuItem,1,8,SpaceTypes;StructuredInfo
ComputerDisplayScreenRegion,1,8,SpaceTypes;StructuredInfo
DropDownBox,1,8,SpaceTypes;StructuredInfo
Password,1,8,Indexes;WrittenInfo
Password_Computer,1,8,Indexes;WrittenInfo
PersonalIdentificationNumber,1,8,Indexes;WrittenInfo
PrehistoricLife,1,8,Concepts;LivingThings
Sunrise,1,8,NaturalPhenomena;Times
Sunset,1,8,NaturalPhenomena;Times
TelephoneNumberingPlan,1,8,Indexes;WrittenInfo
AustralopithecusFossil,1,7,Information;OrganicMatter
FlatRegion,1,7,AreaRegion;Shapes
Fossil,1,7,Information;OrganicMatter
FossilAlgae,1,7,Information;OrganicMatter
HomininFossil,1,7,Information;OrganicMatter
MaotianshanShalesFossil,1,7,Information;OrganicMatter
Phenomena,1,7,Concepts;NaturalPhenomena
PhysicalPhenomena,1,7,Concepts;NaturalPhenomena
Throne,1,7,Facilities;Information
TransitionalFossil,1,7,Information;OrganicMatter
WebRing,1,7,SpaceTypes;StructuredInfo
WhiteSeaFossil,1,7,Information;OrganicMatter
WinterPhenomena,1,7,Concepts;NaturalPhenomena
Component,1,6,IntrinsicAttributes;Systems
Electron,1,6,AtomsElements;NaturalPhenomena
ElectronBeam,1,6,AtomsElements;NaturalPhenomena
ElectronState,1,6,AtomsElements;NaturalPhenomena
Photon,1,6,AtomsElements;NaturalPhenomena
XPath,1,6,SpaceTypes;StructuredInfo
AgonicLine,1,5,AreaRegion;Shapes
ContourLine,1,5,AreaRegion;Shapes
GeographicalLine_Intangible,1,5,AreaRegion;Shapes
GeographicalPlace_1D,1,5,AreaRegion;Shapes
IsogonicLine,1,5,AreaRegion;Shapes
