typology_a,typology_b,shared_members,size_a,size_b,shared_rcs
ActionTypes,Animals,1,6885,7050,Dominatrix
Animals,CopulativeRelations,1,7050,7836,Dominatrix
AtomsElements,BiologicalProcesses,1,414,307,CalciumIon
AtomsElements,CopulativeRelations,1,414,7836,CalciumIon
AtomsElements,RelationTypes,1,414,9723,CalciumIon
BiologicalProcesses,TopicsCategories,1,307,822,ElectronTransportChain
Concepts,IntrinsicAttributes,1,313,256,Instinct
Concepts,Organizations,1,313,4201,DummyCompany
ConceptualSystems,Indexes,1,1408,137,Crucifix_ChristianSymbol
DirectRelations,Information,1,37,6048,EqualsSign_TheSymbol
DirectRelations,StructuredInfo,1,37,1695,EqualsSign_TheSymbol
EconomicSystems,EmergentKnowledge,1,1765,202,BusinessModel
Indexes,TopicsCategories,1,137,822,Crucifix_ChristianSymbol
ActionTypes,FoodDrink,2,6885,1932,FermentedFood;Naem
ActionTypes,IntrinsicAttributes,2,6885,256,Dominatrix;Instinct
Agents,ContextualAttributes,2,8391,1504,Cruelty;Machismo_Pride
Animals,MediativeRelations,2,7050,2378,Ejaculation;Hungry
Animals,SituationTypes,2,7050,2311,Ejaculation;Hungry
AreaRegion,CopulativeRelations,2,4076,7836,Rubble;Snowfield
Associatives,EmergentKnowledge,2,141,202,Thesaurus;ThesaurusProgram
Associatives,EventTypes,2,141,3210,AuthenticationEvent;EmailAuthentication
Associatives,TimeTypes,2,141,3679,AuthenticationEvent;EmailAuthentication
Concepts,ContextualAttributes,2,313,1504,Equator_Celestial;Fratire
ConceptualSystems,EconomicSystems,2,1408,1765,PreparingFinancialRecords;Write_off
ContextualAttributes,Persons,2,1504,3668,Cruelty;Machismo_Pride
CopulativeRelations,IntrinsicAttributes,2,7836,256,Dominatrix;Instinct
EconomicSystems,LearningProcesses,2,1765,329,PreparingFinancialRecords;Write_off
EmergentKnowledge,RepresentationTypes,2,202,638,Thesaurus;ThesaurusProgram
Eukaryotes,MediativeRelations,2,9662,2378,Ejaculation;Hungry
Eukaryotes,SituationTypes,2,9662,2311,Ejaculation;Hungry
Facilities,Shapes,2,1919,260,Cornerstone;HandRail
IntrinsicAttributes,RelationTypes,2,256,9723,Dominatrix;Instinct
MediativeRelations,Persons,2,2378,3668,Cruelty;Machismo_Pride
NaturalPhenomena,Times,2,638,564,Sunrise;Sunset
Persons,SituationTypes,2,3668,2311,Cruelty;Machismo_Pride
AVInfo,Facilities,3,1425,1919,Gargoyle_Sculpture;Gargoyle_Spout;StainedGlassWindow
ActionTypes,Plants,3,6885,2330,Pollination;PollinationManagement;PollinatorDecline
Animals,ContextualAttributes,3,7050,1504,CatTypeByBreed;Ejaculation;Hungry
Animals,RelationTypes,3,7050,9723,Dominatrix;Ejaculation;Hungry
AreaRegion,Concepts,3,4076,313,Equator_Celestial;NorthCelestialPole;SouthCelestialPole
AreaRegion,ConceptualSystems,3,4076,1408,Equator_Celestial;NorthCelestialPole;SouthCelestialPole
AreaRegion,PrimarySectorProducts,3,4076,1726,Dune;SandArea;VolcanicAsh
AttributeTypes,Concepts,3,1804,313,Equator_Celestial;Fratire;Instinct
AttributeTypes,FoodDrink,3,1804,1932,CornishHen;Cow;Rooster
AudioInfo,Indexes,3,443,137,AlarmSignal;AlarmSound;SirenSound
BiologicalChemistry,NaturalPhenomena,3,1622,638,CarbonSink;ElectronTransportChain;Panting
BiologicalProcesses,NaturalPhenomena,3,307,638,CarbonSink;ElectronTransportChain;Panting
ConceptualSystems,Denotatives,3,1408,410,ClayAnimation;Crucifix_ChristianSymbol;OpticalIllusion
ConceptualSystems,RepresentationTypes,3,1408,638,ClayAnimation;Crucifix_ChristianSymbol;OpticalIllusion
ContextualAttributes,OrganicMatter,3,1504,11814,Cruelty;Ejaculation;Machismo_Pride
Denotatives,TopicsCategories,3,410,822,ClayAnimation;Crucifix_ChristianSymbol;OpticalIllusion
Diseases,ProtistsFungus,3,916,281,DownyMildew;Mildew;PowderyMildew
Facilities,VisualInfo,3,1919,990,Gargoyle_Sculpture;Gargoyle_Spout;StainedGlassWindow
FoodDrink,IntrinsicAttributes,3,1932,256,CornishHen;Cow;Rooster
Forms,LearningProcesses,3,1906,329,KnowHow_AgentCapacityQuantity;Scoutcraft;SheafTheory
KnowledgeDomains,Shapes,3,4841,260,BotulinumToxin_Aerosolized;FinalStellationOfTheIcosahedron;Stellation
LearningProcesses,NaturalPhenomena,3,329,638,DynamicsProcessing;Superstring;TheoryOfGravitation
LearningProcesses,SpaceTypes,3,329,9280,KnowHow_AgentCapacityQuantity;Scoutcraft;SheafTheory
MediativeRelations,NaturalSubstances,3,2378,1209,Guyot;OuterSpace;Seamount
Methodeutic,Shapes,3,5321,260,BotulinumToxin_Aerosolized;FinalStellationOfTheIcosahedron;Stellation
NaturalPhenomena,OrganicMatter,3,638,11814,CarbonSink;ElectronTransportChain;Panting
NaturalSubstances,RelationTypes,3,1209,9723,Guyot;OuterSpace;Seamount
NaturalSubstances,SituationTypes,3,1209,2311,Guyot;OuterSpace;Seamount
RepresentationTypes,TopicsCategories,3,638,822,ClayAnimation;Crucifix_ChristianSymbol;OpticalIllusion
ActionTypes,Eukaryotes,4,6885,9662,Dominatrix;Pollination;PollinationManagement;PollinatorDecline
Animals,Shapes,4,7050,260,AnimalBodyShapeType;Cuboid;QuadrupedBodyShaped;Radiata
Associatives,Indexes,4,141,137,Autograph;Evidence;Index_List_Information;Signature
AtomsElements,NaturalPhenomena,4,414,638,Electron;ElectronBeam;ElectronState;Photon
Chemistry,Shapes,4,1545,260,PlasticRubberFoam;Polystyrene;RubberFoam;SiliconeFoam
Concepts,Persons,4,313,3668,Imposter;Macho;MasculinePerson;PositionsOfAuthority
ConceptualSystems,Persons,4,1408,3668,Imposter;Macho;MasculinePerson;PositionsOfAuthority
CopulativeRelations,FoodDrink,4,7836,1932,FermentedFood;Naem;Rice;RiceVariety
Denotatives,EventTypes,4,410,3210,Comedy;Parody;RoastComedy;SituationalComedy
Denotatives,TimeTypes,4,410,3679,Comedy;Parody;RoastComedy;SituationalComedy
Diseases,LearningProcesses,4,916,329,Dyslexia;DyslexiaResearch;LearningDisability;TheoryOfDyslexia
Diseases,Products,4,916,20165,DisabilityRobot;ParaTableTennis;WheelchairBasketball;WheelchairBasketballCompetition
Diseases,SecondarySectorProducts,4,916,16016,DisabilityRobot;ParaTableTennis;WheelchairBasketball;WheelchairBasketballCompetition
Drugs,ProtistsFungus,4,1706,281,AmanitaRegalis;FlyAgaricMushroom;HallucinogenicMushroom;PsilocybinMushroom
EmergentKnowledge,WrittenInfo,4,202,1919,KnowledgeRepresentationLanguage;OWL_WebOntologyLanguage;RDFDataAccess;RDF_ResourceDescriptionFramework
Eukaryotes,Shapes,4,9662,260,AnimalBodyShapeType;Cuboid;QuadrupedBodyShaped;Radiata
Facilities,Information,4,1919,6048,Gargoyle_Sculpture;Gargoyle_Spout;StainedGlassWindow;Throne
FoodDrink,RelationTypes,4,1932,9723,FermentedFood;Naem;Rice;RiceVariety
LearningProcesses,LivingThings,4,329,11916,Dyslexia;DyslexiaResearch;LearningDisability;TheoryOfDyslexia
LearningProcesses,StructuredInfo,4,329,1695,LearningManagementSystem;PitchModificationSoftware;SavingAFile;VirtualLearningEnvironment
LearningProcesses,TopicsCategories,4,329,822,CausalFallacy;DynamicsProcessing;InterpretationsOfQuantumMechanics;TheoryOfGravitation
LivingThings,Shapes,4,11916,260,AnimalBodyShapeType;Cuboid;QuadrupedBodyShaped;Radiata
ActionTypes,AdjunctualAttributes,5,6885,43,AggressiveMimicry;Automimicry;BatesianMimicry;Mimicry;MullerianMimicry
AdjunctualAttributes,CopulativeRelations,5,43,7836,AggressiveMimicry;Automimicry;BatesianMimicry;Mimicry;MullerianMimicry
AdjunctualAttributes,MediativeRelations,5,43,2378,AggressiveMimicry;Automimicry;BatesianMimicry;Mimicry;MullerianMimicry
AdjunctualAttributes,RelationTypes,5,43,9723,AggressiveMimicry;Automimicry;BatesianMimicry;Mimicry;MullerianMimicry
Agents,Concepts,5,8391,313,DummyCompany;Imposter;Macho;MasculinePerson;PositionsOfAuthority
AtomsElements,Shapes,5,414,260,BloodDiamond;DiamondSimulant;Diamond_Gem;IndividualDiamond;SyntheticDiamond
AttributeTypes,NaturalSubstances,5,1804,1209,IsotopeOfUranium;ReprocessedUranium;Uranium;Uranium_Enriched;WeaponsGradeUranium
BiologicalChemistry,Shapes,5,1622,260,BotulinumToxin_Aerosolized;PlasticRubberFoam;Polystyrene;RubberFoam;SiliconeFoam
Chemistry,FoodDrink,5,1545,1932,Aspartame;Chitosan;MonosodiumGlutamate;SodiumBicarbonate;Vinegar
Concepts,Forms,5,313,1906,AlternativeEnergy;CommonSense;FrillyClothingStyle;KnowHow_AgentCapacityQuantity;Scoutcraft
Concepts,LocationPlace,5,313,1058,AxialNorthPoleOfEarth;AxialPoleOfPlanet;AxialSouthPoleOfEarth;NorthCelestialPole;SouthCelestialPole
ConceptualSystems,LocationPlace,5,1408,1058,AxialNorthPoleOfEarth;AxialPoleOfPlanet;AxialSouthPoleOfEarth;NorthCelestialPole;SouthCelestialPole
ConceptualSystems,Shapes,5,1408,260,BloodDiamond;DiamondSimulant;Diamond_Gem;IndividualDiamond;SyntheticDiamond
EventTypes,Shapes,5,3210,260,DustStormAsObject;PlasticRubberFoam;Polystyrene;RubberFoam;SiliconeFoam
FoodDrink,NaturalMatter,5,1932,2979,Aspartame;Chitosan;MonosodiumGlutamate;SodiumBicarbonate;Vinegar
FoodDrink,Shapes,5,1932,260,ChewingGum;Gum;Mayonnaise;SaladDressing;WhippedCream
InquiryMethods,NaturalPhenomena,5,724,638,CookingWeightsAndMeasure;InfraredImaging;Radiometry;Superstring;TheoryOfGravitation
IntrinsicAttributes,NaturalSubstances,5,256,1209,IsotopeOfUranium;ReprocessedUranium;Uranium;Uranium_Enriched;WeaponsGradeUranium
LivingThings,MediativeRelations,5,11916,2378,Abnormal_Organism_Whole;Ejaculation;GeneticVariation;Hungry;Mutant
LivingThings,SituationTypes,5,11916,2311,Abnormal_Organism_Whole;Ejaculation;GeneticVariation;Hungry;Mutant
PrimarySectorProducts,Shapes,5,1726,260,BloodDiamond;DiamondSimulant;Diamond_Gem;IndividualDiamond;SyntheticDiamond
Shapes,TimeTypes,5,260,3679,DustStormAsObject;PlasticRubberFoam;Polystyrene;RubberFoam;SiliconeFoam
Shapes,TopicsCategories,5,260,822,BloodDiamond;DiamondSimulant;Diamond_Gem;IndividualDiamond;SyntheticDiamond
Society,StructuredInfo,5,2619,1695,BillOfRights_US;Brand;CustomerCommunicationsManagement;LegalCode_ModernWestern;UnitedStatesCode
AVInfo,AttributeTypes,6,1425,1804,Backlit;Comedy;Parody;RoastComedy;Silhouetted;SituationalComedy
AVInfo,ContextualAttributes,6,1425,1504,Backlit;Comedy;Parody;RoastComedy;Silhouetted;SituationalComedy
ActionTypes,Shapes,6,6885,260,Barrel_Container;DustStormAsObject;FoodStorageJar;GlassJar;Jar;PlasticJar
Artifacts,Diseases,6,26017,916,DisabilityRobot;ParaTableTennis;ParalympicVolleyball;ShipsLostWithAllHands;WheelchairBasketball;WheelchairBasketballCompetition
AttributeTypes,VisualInfo,6,1804,990,Backlit;Comedy;Parody;RoastComedy;Silhouetted;SituationalComedy
Concepts,NaturalPhenomena,6,313,638,Gravimetry;OilSpill;OilSpillInTheGulfOfMexico;Phenomena;PhysicalPhenomena;WinterPhenomena
Concepts,Places,6,313,6309,AxialNorthPoleOfEarth;AxialPoleOfPlanet;AxialSouthPoleOfEarth;Equator_Celestial;NorthCelestialPole;SouthCelestialPole
ContextualAttributes,TopicsCategories,6,1504,822,ElectricPowerTransmissionSystem;ElectricalOutlet;ElectricalPlug;HighVoltageDirectCurrent;PowerLine;TelephonePlug
ContextualAttributes,VisualInfo,6,1504,990,Backlit;Comedy;Parody;RoastComedy;Silhouetted;SituationalComedy
CopulativeRelations,Plants,6,7836,2330,Foliage;Pollination;PollinationManagement;PollinatorDecline;Rice;RiceVariety
EventTypes,RepresentationTypes,6,3210,638,AuthenticationEvent;Comedy;EmailAuthentication;Parody;RoastComedy;SituationalComedy
InquiryMethods,StructuredInfo,6,724,1695,AmericanCollegeTestingProgramAssessment;CollegeEntranceTest;ComputerModel;ConsistencyModel;ScholasticAptitudeTest;SimulationSoftware
KnowledgeDomains,LocationPlace,6,4841,1058,AutomaticCarWindow;AxialNorthPoleOfEarth;AxialPoleOfPlanet;AxialSouthPoleOfEarth;NorthCelestialPole;SouthCelestialPole
LocationPlace,Methodeutic,6,1058,5321,AutomaticCarWindow;AxialNorthPoleOfEarth;AxialPoleOfPlanet;AxialSouthPoleOfEarth;NorthCelestialPole;SouthCelestialPole
Places,TopicsCategories,6,6309,822,ElectricPowerTransmissionSystem;ElectricalOutlet;ElectricalPlug;HighVoltageDirectCurrent;PowerLine;TelephonePlug
Plants,RelationTypes,6,2330,9723,Foliage;Pollination;PollinationManagement;PollinatorDecline;Rice;RiceVariety
RepresentationTypes,TimeTypes,6,638,3679,AuthenticationEvent;Comedy;EmailAuthentication;Parody;RoastComedy;SituationalComedy
StructuredInfo,TopicsCategories,6,1695,822,Cyc;DBpedia;KBpedia;Petroglyph;RaceHumanCategorization;UMBEL
AreaRegion,Forms,7,4076,1906,AquaticEcosystem;ColdSpring;ImprovedSurface_PathArtifact;Rubble;UnpavedPathArtifact;UnpavedRoadway;WindowPane
Associatives,Chemistry,7,141,1545,ChemicalBond;CovalentBond;HydrogenBond;IonicBond;MetallicBond;PhosphodiesterBond;PolarCovalentBond
Associatives,NaturalMatter,7,141,2979,ChemicalBond;CovalentBond;HydrogenBond;IonicBond;MetallicBond;PhosphodiesterBond;PolarCovalentBond
AttributeTypes,Plants,7,1804,2330,AngiospermReproduction;DioeciousPlantSpecies;HermaphroditicPlantSpecies;MonoeciousPlantSpecies;Pollination;PollinationManagement;PollinatorDecline
AudioInfo,KnowledgeDomains,7,443,4841,CyberpunkSubgenre;CyberpunkTheme;Cypherpunk;MusicalComposition_Cyberpunk;OperaGenre;TragediesEnMusique;VideoArt
AudioInfo,Methodeutic,7,443,5321,CyberpunkSubgenre;CyberpunkTheme;Cypherpunk;MusicalComposition_Cyberpunk;OperaGenre;TragediesEnMusique;VideoArt
Chemistry,RepresentationTypes,7,1545,638,ChemicalBond;CovalentBond;HydrogenBond;IonicBond;MetallicBond;PhosphodiesterBond;PolarCovalentBond
Concepts,Diseases,7,313,916,2009FluPandemic;AlcoholAbuse;EpidemicTyphus_NAmerica;FluPandemic;MethMouth;ShipsLostWithAllHands;SpiderBite
ConceptualSystems,Eukaryotes,7,1408,9662,ArtificialChristmasTree;ChristmasTree;CutFlower;Marijuana;Mistletoe;NaturalChristmasTree;TrimmedChristmasTree
ConceptualSystems,FoodDrink,7,1408,1932,Absinthe;ConsumingFood_FoodTopic;FoodAndDrink_Topic;FoodChain;Food_Topic;Foodstuffs_Food_Topic;HungerAndMalnutrition_FoodTopic
ConceptualSystems,Plants,7,1408,2330,ArtificialChristmasTree;ChristmasTree;CutFlower;Marijuana;Mistletoe;NaturalChristmasTree;TrimmedChristmasTree
Constituents,Drugs,7,13244,1706,Absinthe;AceticAcid;Atropine;Cocaine_Powder;Paraformaldehyde;SodiumBicarbonate;SpermicidalCream
ContextualAttributes,Plants,7,1504,2330,AngiospermReproduction;DioeciousPlantSpecies;HermaphroditicPlantSpecies;MonoeciousPlantSpecies;Pollination;PollinationManagement;PollinatorDecline
CopulativeRelations,Eukaryotes,7,7836,9662,Dominatrix;Foliage;Pollination;PollinationManagement;PollinatorDecline;Rice;RiceVariety
Diseases,SpaceTypes,7,916,9280,BrainDisease;CentralNervousSystemDisease;CentralNervousSystemInfection;DemyelinatingDiseasesOfCNS;HepaticEncephalopathy;UrothelialTumor;ViralInfectionsOfTheCentralNervousSystem
Drugs,Forms,7,1706,1906,Absinthe;AceticAcid;Atropine;Cocaine_Powder;Paraformaldehyde;SodiumBicarbonate;SpermicidalCream
Drugs,SpaceTypes,7,1706,9280,Absinthe;AceticAcid;Atropine;Cocaine_Powder;Paraformaldehyde;SodiumBicarbonate;SpermicidalCream
EconomicSystems,PrimarySectorProducts,7,1765,1726,BankDraft;Check_TenderObject;LiftTicket;MoneyOrder;PersonalCheck;PostalOrder;TravellersCheck
EmergentKnowledge,SecondarySectorProducts,7,202,16016,AtomicModel;ConsistencyModel;KnowledgeRepresentationSoftware;MineralModel;SymbolicsDocumentExaminer;Thesaurus;ThesaurusProgram
Eukaryotes,TopicsCategories,7,9662,822,ArtificialChristmasTree;ChristmasTree;CutFlower;Marijuana;Mistletoe;NaturalChristmasTree;TrimmedChristmasTree
FoodDrink,Predications,7,1932,10601,CornishHen;Cow;FermentedFood;Naem;Rice;RiceVariety;Rooster
FoodDrink,TopicsCategories,7,1932,822,Absinthe;ConsumingFood_FoodTopic;FoodAndDrink_Topic;FoodChain;Food_Topic;Foodstuffs_Food_Topic;HungerAndMalnutrition_FoodTopic
Forms,InquiryMethods,7,1906,724,CommonSense;EcologicalIndicator;EcologicalMetric;EnvironmentalIndicator;EnvironmentalResearch;IntelligenceTest;SheafTheory
Indexes,TertiarySectorServices,7,137,2560,FIPSStateCode;FIPSState_CountyCode;Geocode;InternationalPostalCode;Logo;PostalCode;ZipCode
Information,OrganicMatter,7,6048,11814,AustralopithecusFossil;Fossil;FossilAlgae;HomininFossil;MaotianshanShalesFossil;TransitionalFossil;WhiteSeaFossil
InquiryMethods,SpaceTypes,7,724,9280,CommonSense;EcologicalIndicator;EcologicalMetric;EnvironmentalIndicator;EnvironmentalResearch;IntelligenceTest;SheafTheory
IntrinsicAttributes,TopicsCategories,7,256,822,Beauty;Black_EyeColor;Blue_EyeColor;Brown_EyeColor;Gray_EyeColor;Green_EyeColor;Hazel_EyeColor
NaturalMatter,RepresentationTypes,7,2979,638,ChemicalBond;CovalentBond;HydrogenBond;IonicBond;MetallicBond;PhosphodiesterBond;PolarCovalentBond
NaturalSubstances,Shapes,7,1209,260,BloodDiamond;Cone_Topographical;DiamondSimulant;Diamond_Gem;IceCube;IndividualDiamond;SyntheticDiamond
Plants,TopicsCategories,7,2330,822,ArtificialChristmasTree;ChristmasTree;CutFlower;Marijuana;Mistletoe;NaturalChristmasTree;TrimmedChristmasTree
PrimarySectorProducts,SocialSystems,7,1726,4232,BankDraft;Check_TenderObject;LiftTicket;MoneyOrder;PersonalCheck;PostalOrder;TravellersCheck
AreaRegion,Shapes,8,4076,260,AgonicLine;Cone_Topographical;ContourLine;DepthContour;FlatRegion;GeographicalLine_Intangible;GeographicalPlace_1D;IsogonicLine
Associatives,AudioInfo,8,141,443,ConsonanceAndDissonance;MelodicMotion;MelodicSection;MelodyTypes;ModalFrame;Motif;Ornamentation;Tune
Associatives,InquiryMethods,8,141,724,AuthenticationEvent;EmailAuthentication;Evidence;Testimony;Verification;VerificationOfCredit;VerificationOfEmployment;VerificationOfTruth
BiologicalChemistry,FoodDrink,8,1622,1932,Aspartame;Chitosan;Flour;Glucosamine;MonosodiumGlutamate;RiceFlour;Sugar_Table;WheatFlour
Concepts,LivingThings,8,313,11916,2009FluPandemic;AlcoholAbuse;EpidemicTyphus_NAmerica;FluPandemic;MethMouth;PrehistoricLife;ShipsLostWithAllHands;SpiderBite
ConceptualSystems,ContextualAttributes,8,1408,1504,ElectricPowerTransmissionSystem;ElectricalOutlet;ElectricalPlug;Equator_Celestial;Fratire;HighVoltageDirectCurrent;PowerLine;TelephonePlug
ConceptualSystems,IntrinsicAttributes,8,1408,256,Beauty;Black_EyeColor;Blue_EyeColor;Brown_EyeColor;Gray_EyeColor;Green_EyeColor;Hazel_EyeColor;Instinct
EventTypes,WrittenInfo,8,3210,1919,Command;EnglishSpelling;GeorgianCalligraphy;GrammarChecker;MetaphorsReferringToWarAndViolence;NonstandardSpelling;Spelling;SpellingCompetition
FoodDrink,KnowledgeDomains,8,1932,4841,AmanitaRegalis;Coriander;FlyAgaricMushroom;Garlic;GarlicClove;HallucinogenicMushroom;Kava;PsilocybinMushroom
FoodDrink,Methodeutic,8,1932,5321,AmanitaRegalis;Coriander;FlyAgaricMushroom;Garlic;GarlicClove;HallucinogenicMushroom;Kava;PsilocybinMushroom
Indexes,KnowledgeDomains,8,137,4841,Crucifix_ChristianSymbol;FIPSStateCode;FIPSState_CountyCode;Geocode;InternationalPostalCode;Logo;PostalCode;ZipCode
KnowledgeDomains,Persons,8,4841,3668,BrainwashingTheoryProponent;ExtraterrestrialPerson;Jomsvikings;Martian;Norman;Varangians;Viking;Viking_CultureType
KnowledgeDomains,ProtistsFungus,8,4841,281,AmanitaRegalis;DownyMildew;FlyAgaricMushroom;Fungus_Generic;HallucinogenicMushroom;Mildew;PowderyMildew;PsilocybinMushroom
Methodeutic,Persons,8,5321,3668,BrainwashingTheoryProponent;ExtraterrestrialPerson;Jomsvikings;Martian;Norman;Varangians;Viking;Viking_CultureType
Methodeutic,ProtistsFungus,8,5321,281,AmanitaRegalis;DownyMildew;FlyAgaricMushroom;Fungus_Generic;HallucinogenicMushroom;Mildew;PowderyMildew;PsilocybinMushroom
NaturalSubstances,Predications,8,1209,10601,Guyot;IsotopeOfUranium;OuterSpace;ReprocessedUranium;Seamount;Uranium;Uranium_Enriched;WeaponsGradeUranium
ProtistsFungus,Systems,8,281,12666,AmanitaRegalis;DownyMildew;FlyAgaricMushroom;Fungus_Generic;HallucinogenicMushroom;Mildew;PowderyMildew;PsilocybinMushroom
TertiarySectorServices,WrittenInfo,8,2560,1919,Brand;EnglishLanguageEducation;FederalTaxReturn;GermanLanguageEducation;RussianLanguageEducation;SpanishLanguageEducation;TaxReturn;ZipCode
TimeTypes,WrittenInfo,8,3679,1919,Command;EnglishSpelling;GeorgianCalligraphy;GrammarChecker;MetaphorsReferringToWarAndViolence;NonstandardSpelling;Spelling;SpellingCompetition
AVInfo,SituationTypes,9,1425,2311,Backlit;Comedy;ExperimentalMovie;Gesture;HandGesture;Parody;RoastComedy;Silhouetted;SituationalComedy
ActionTypes,Associatives,9,6885,141,AuthenticationEvent;EmailAuthentication;Evidence;Gloss;Testimony;Verification;VerificationOfCredit;VerificationOfEmployment;VerificationOfTruth
Associatives,CopulativeRelations,9,141,7836,AuthenticationEvent;EmailAuthentication;Evidence;Gloss;Testimony;Verification;VerificationOfCredit;VerificationOfEmployment;VerificationOfTruth
Associatives,RelationTypes,9,141,9723,AuthenticationEvent;EmailAuthentication;Evidence;Gloss;Testimony;Verification;VerificationOfCredit;VerificationOfEmployment;VerificationOfTruth
AttributeTypes,Indexes,9,1804,137,NationalSymbol;NationalSymbolOfAlgeria;NationalSymbolOfHerm;NationalSymbolOfNauru;NationalSymbolOfSark;NationalSymbolOfSomalia;NationalSymbolOfThePalestinianNationalAuthority;NationalSymbolOfTheRepublicOfChina;NationalSymbolOfVietnam
AudioInfo,Systems,9,443,12666,AudioMixing;CyberpunkSubgenre;CyberpunkTheme;Cypherpunk;JazzRadio;MusicalComposition_Cyberpunk;OperaGenre;TragediesEnMusique;VideoArt
BiologicalChemistry,Eukaryotes,9,1622,9662,Arrowroot_Starch;CastorBeanSeed;Flour;Fructose;Glucose;Glucoside;RiceFlour;Sugar_Table;WheatFlour
BiologicalChemistry,Plants,9,1622,2330,Arrowroot_Starch;CastorBeanSeed;Flour;Fructose;Glucose;Glucoside;RiceFlour;Sugar_Table;WheatFlour
Concepts,LearningProcesses,9,313,329,CircusSkill;CricketSkill;HolonomicBrainTheory;Intelligence;KnowHow_AgentCapacityQuantity;LifeSkills;Scoutcraft;Skill;StudySkill
Concepts,SecondarySectorProducts,9,313,16016,FreeAccountingSoftware;FreeApplicationSoftware;FreeDataRecoverySoftware;FreeSoftwareProgrammedInAda;Freeware;Freeware3DGraphicsSoftware;FreewareGame;FrillyClothingStyle;WindowsOnlyFreeware
ContextualAttributes,Indexes,9,1504,137,NationalSymbol;NationalSymbolOfAlgeria;NationalSymbolOfHerm;NationalSymbolOfNauru;NationalSymbolOfSark;NationalSymbolOfSomalia;NationalSymbolOfThePalestinianNationalAuthority;NationalSymbolOfTheRepublicOfChina;NationalSymbolOfVietnam
Eukaryotes,RelationTypes,9,9662,9723,Dominatrix;Ejaculation;Foliage;Hungry;Pollination;PollinationManagement;PollinatorDecline;Rice;RiceVariety
Indexes,WrittenInfo,9,137,1919,AreaCode;Full_stop;Index_List_Information;Password;Password_Computer;PersonalIdentificationNumber;PunctuationMark;TelephoneNumberingPlan;ZipCode
IntrinsicAttributes,Systems,9,256,12666,Beauty;Black_EyeColor;Blue_EyeColor;Brown_EyeColor;Component;Gray_EyeColor;Green_EyeColor;Hazel_EyeColor;Instinct
LearningProcesses,SecondarySectorProducts,9,329,16016,AtomicLineFilter;Band_passFilter;DistributedElementFilter;LearningManagementSystem;PitchModificationSoftware;RadarSignalProcessing;SignalFilter;VirtualLearningEnvironment;WaveguideFilter
Shapes,Systems,9,260,12666,AutomobileWheel;BloodDiamond;BotulinumToxin_Aerosolized;DiamondSimulant;Diamond_Gem;FinalStellationOfTheIcosahedron;IndividualDiamond;Stellation;SyntheticDiamond
SituationTypes,VisualInfo,9,2311,990,Backlit;Comedy;ExperimentalMovie;Gesture;HandGesture;Parody;RoastComedy;Silhouetted;SituationalComedy
SpaceTypes,StructuredInfo,9,9280,1695,BoundedDirectedAcyclicGraph;ComputerDisplayActiveArea;ComputerDisplayMenuItem;ComputerDisplayScreenRegion;DropDownBox;NetworkFlowSystem_Bounded;VehicleRegistrationPlate;WebRing;XPath
