id,object,relatesTo
AbominableSnowman,Mammal,relatesToAnimals
AcademyAward,AwardAttribute,relatesToAdjunctualAttributes
AccountType,TemporalStuffType,relatesToConcepts
Action,Actions,relatesToCopulativeRelations
Acupressure,Alternative,relatesToConcepts
Acupuncture,Alternative,relatesToConcepts
Adaptation,BiologicalAttribute,relatesToAdjunctualAttributes
AdministrativeDistrict,AdministrativeDivision,relatesToGeopolitical
AdultConsumer,ExtrinsicAspect,relatesToContextualAttributes
AilmentCondition,ChronicCondition,relatesToDiseases
AirplaneTrip,TemporallyContinuousThing,relatesToConcepts
Algae,AquaticOrganism,relatesToLivingThings
AlternativeRockMusic,Alternative,relatesToConcepts
AlternativeScience,Alternative,relatesToConcepts
AmericanWaterLandmark,Water,relatesToNaturalSubstances
AncientCity,Ancient,relatesToConcepts
AncientCounty_China,Ancient,relatesToConcepts
AncientCurrency,Ancient,relatesToConcepts
AncientInternationalRelations,Ancient,relatesToConcepts
AncientMonument,Ancient,relatesToConcepts
AncientNavalShip,Ancient,relatesToConcepts
AncientRoadway,Ancient,relatesToConcepts
AnimalBLO,BiologicalLivingObject,relatesToLivingThings
AnimalBLO,KingdomAnimalia,relatesToLivingThings
AnimalBLO,PerceptualAgent_Embodied,relatesToManifestations
AnimalBLO,SolidTangibleThing,relatesToShapes
Animalia,Heterotroph,relatesToLivingThings
Animalia,MulticellularOrganism,relatesToLivingThings
AnucleatedCell,ProkaryoticCell,relatesToLivingThings
AquaticAnimal,AquaticOrganism,relatesToLivingThings
AquaticPlant,AquaticOrganism,relatesToLivingThings
Aquifer,Layer,relatesToForms
ArchaeaBLO,KingdomArchaea,relatesToLivingThings
ArchaeologicalArtifact,Ancient,relatesToConcepts
ArchaeologicalSite,HistoricTemporalThing,relatesToConcepts
Archive,HistoricalCollection,relatesToConcepts
Art,ArtsCraftsEquipment,relatesToSecondarySectorProducts
ArtSupplies,Supplies,relatesToCopulativeRelations
ArtifactType,TemporalStuffType,relatesToConcepts
Ascomycota,MulticellularOrganism,relatesToLivingThings
AsexualBLO,BiologicalLivingObject,relatesToLivingThings
Assets_Possession,Possession,relatesToConcepts
AstronomicalObject,FiniteSpatialThing,relatesToShapes
AtmosphericBoundaryLayer,Layer,relatesToForms
AtmosphericLayer,Layer,relatesToForms
AtomicNucleus,MicroscopicScaleObject,relatesToShapes
AttackOnTangible,DangerousSituation,relatesToConcepts
AutoPart,NewAutoDealerPartsMarketCategory,relatesToSecondarySectorProducts
AutoPart,PhysicalParts,relatesToDirectRelations
Autotroph_Bacterium,Autotroph,relatesToLivingThings
AwarenessQuantity,AwarenessAttribute,relatesToIntrinsicAttributes
BacteriaBLO,KingdomBacteria,relatesToLivingThings
BacterialBioAgent,LivingBiologicalAgent,relatesToLivingThings
Ball,RoundObject,relatesToShapes
Basidiomycota,MulticellularOrganism,relatesToLivingThings
Beam_Construction,RectangularParallelepiped,relatesToShapes
Bear_Animal,DangerousThing,relatesToConcepts
Bigfoot,Mammal,relatesToAnimals
Bill_Currency,CoinCollecting,relatesToEventTypes
BiochemicallyHarmfulSubstance,BiologicalAgentType,relatesToLivingThings
BiochemicallyHarmfulSubstance,DangerousThing,relatesToConcepts
BiochemicallyHarmfulSubstance,DiseaseAgent,relatesToDiseases
BiologicalChemistry,OrganicChemistryFOS,relatesToKnowledgeDomains
BiologicalLivingObject,BiologicalMatter,relatesToManifestations
BiologicalLivingObject,FiniteSpatialThing,relatesToShapes
BiologicalLivingObject,NaturalTangibleStuff,relatesToManifestations
BiologicalLivingObject,OrganicMaterial,relatesToOrganicMatter
BiologicalLivingObject,TemporallyContinuousThing,relatesToConcepts
BiologicalProcesses,TemporallyContinuousThing,relatesToConcepts
BiologicalProductionEvent,BiologicalAttribute,relatesToAdjunctualAttributes
Blackout,DangerousEvent,relatesToConcepts
BlindShade,Collapsible,relatesToForms
Blitz,DangerousEvent,relatesToConcepts
BloodPressure,Blood,relatesToLivingThings
Board_PieceOfWood,LinearObject_Tangible,relatesToShapes
BodyOfWater_Area,Water,relatesToNaturalMatter
BodyOfWater_Area,WaterResources,relatesToConcepts
BodyOfWater_Intermittent,Water,relatesToNaturalMatter
Bottle,Bottle_Generic,relatesToShapes
BranchOfMilitaryService,MilitaryOrganizationConcept,relatesToConcepts
Broadcasting,SubscriberService,relatesToTertiarySectorServices
BushFlying,DangerousActivity,relatesToConcepts
BusinessRelatedThing,TemporalThing,relatesToConcepts
Buttermilk,Lumpy,relatesToForms
Can,CapsuleContainer,relatesToShapes
Carnivore,OrganismTypeByNutrition,relatesToLivingThings
Carnivory,Meat,relatesToFoodDrink
CartographicFeatureType,TemporalStuffType,relatesToConcepts
CellPart,BiologicalParts,relatesToDirectRelations
CellPart,MicroscopicScaleObject,relatesToShapes
CellPart,Parts,relatesToDirectRelations
ChemicalObject,MicroscopicScaleObject,relatesToShapes
ChemicalObject,MolecularStuff,relatesToManifestations
CitrusFruit,RoundObject,relatesToShapes
ClassificationSystem,System,relatesToSystems
ClothingSizeType,SizeAttribute,relatesToIntrinsicAttributes
Coin_US,RoundObject,relatesToShapes
CollapsibleDevice,Collapsible,relatesToForms
Color,ColorAttribute,relatesToIntrinsicAttributes
CommercialOrganization,BusinessRelatedThing,relatesToEconomicSystems
CommodityProduct,TemporalStuffType,relatesToConcepts
Communication,Society,relatesToSociety
ComputingInformation,ComputerAsSystem,relatesToSymbolic
CondensedMatter,Physics,relatesToKnowledgeDomains
Cone,RoundObject,relatesToShapes
ConfederateStatesOfAmerica_EconomicHistory,ConfederateStatesOfAmerica,relatesToGeopolitical
Configuration,ConfigurationAttribute,relatesToIntrinsicAttributes
ConfluenceOfSinuses,JunctionOfPaths,relatesToConcepts
ConfluenceOfStreams,JunctionOfPaths,relatesToConcepts
ContainerIndependentShapedThing,FiniteSpatialThing,relatesToShapes
ContinuousTimeInterval,TemporallyContinuousThing,relatesToConcepts
Convoy,LineOfObjects,relatesToConcepts
CordlikeObject,LinearObject_Tangible,relatesToShapes
CottageCheese,Lumpy,relatesToForms
CottonFiber,Fibrous,relatesToForms
CountrySubsidiary,CountrySubsidiary,relatesToGeopolitical
CreationEvent,CreationAttribute,relatesToAdjunctualAttributes
Crevasse,DangerousThing,relatesToConcepts
CriminalAct,DangerousActivity,relatesToConcepts
Cross_ConstructionArtifact,CruciformObject,relatesToShapes
Cross_TortureDevice,CruciformObject,relatesToShapes
Crucifix_ChristianSymbol,CruciformObject,relatesToShapes
Cube,RectangularParallelepiped,relatesToShapes
Cuisine,CulturalThing,relatesToSociety
CulturalThing,TemporallyExistingThing,relatesToConcepts
CustomarySystemOfLinks_Comm,CustomarySystemOfLinks,relatesToShapes
CutFlower,IndependentThing,relatesToConcepts
CuttingDevice,DangerousThing,relatesToConcepts
Cylinder,RoundObject,relatesToShapes
CytoplasmLayer,Layer,relatesToForms
DiploidCell,Protozoan,relatesToLivingThings
Diseases,InfectiousAgents,relatesToLivingThings
DomesticLife,LifeSkills,relatesToConcepts
Dragon,Reptile,relatesToAnimals
DragonTeeth,LineOfObjects,relatesToConcepts
DriverDistraction,DangerousEvent,relatesToConcepts
Dying,BiologicalAttribute,relatesToAdjunctualAttributes
EarthOrbit,OrbitalPathClass,relatesToShapes
EcologicalRegion,Biogeography,relatesToKnowledgeDomains
EcologicalRegion,Environment_Generic,relatesToShapes
EconomicalQuantity,EconomicAttribute,relatesToContextualAttributes
ElectricPower,PublicUtilityService,relatesToTertiarySectorServices
Electricity,EnergyStuff,relatesToConcepts
ElementaryParticle,TemporalThing,relatesToConcepts
Ellipse,RoundObject,relatesToShapes
Ellipsoid,RoundObject,relatesToShapes
EllipticalRegion,RoundObject,relatesToShapes
Emergency,DangerousSituation,relatesToConcepts
Emergency,EndangeringSomething,relatesToActionTypes
EmmyAward,AwardAttribute,relatesToAdjunctualAttributes
EnergyPhenomena,EnergyStuff,relatesToConcepts
EnergyProduction,EnergyStuff,relatesToConcepts
EnergySource,EnergyStuff,relatesToConcepts
EnergySource,Resource,relatesToConcepts
Explosive,DangerousThing,relatesToConcepts
ExplosiveDevice,DangerousThing,relatesToConcepts
ExtremeThermalSituation,DangerousSituation,relatesToConcepts
FemaleHuman,PersonalQuantity,relatesToForms
Fiberglass,Fibrous,relatesToForms
FictionalCharacter,TemporallyExistingThing,relatesToConcepts
Fight_Physical,DangerousActivity,relatesToConcepts
Firefighting,DangerousActivity,relatesToConcepts
FloodedArea,DangerousThing,relatesToConcepts
FlowerArrangement,Arrangement,relatesToConcepts
FoldingTable,Collapsible,relatesToForms
FoodGroup,ConventionalClassificationType,relatesToCopulativeRelations
Fork_Topographical,BranchingJunction,relatesToConcepts
Freeware,FreeThing,relatesToConcepts
FungalBioAgent,LivingBiologicalAgent,relatesToLivingThings
Fungus,Fungus_Generic,relatesToKnowledgeDomains
Fungus,Heterotroph,relatesToLivingThings
FungusBLO,BiologicalLivingObject,relatesToLivingThings
FungusBLO,KingdomFungi,relatesToLivingThings
GamblingBettingEstablishment,EntertainmentService,relatesToTertiarySectorServices
GenreTypes,Classification,relatesToContextualAttributes
GeographicalQuantity,GeographicAttribute,relatesToContextualAttributes
GeologicTimeScale,Prehistoric,relatesToConcepts
GeopoliticalEntity,GovernmentRelatedEntity,relatesToAgents
Gift,TemporallyExistingThing,relatesToConcepts
Glacier,Layer,relatesToForms
GlobalNaturalEnvironment,Environment_Generic,relatesToShapes
Groundwater,WaterResources,relatesToConcepts
Group,CollectionType,relatesToCopulativeRelations
Hedge,RowOfObjects,relatesToConcepts
HeritageSiteInBritishColumbia,BritishColumbia_CanadianProvince,relatesToGeopolitical
HistoricFigure,HistoricTemporalThing,relatesToConcepts
HistoricPeriod,HistoricTemporalThing,relatesToConcepts
HistoricalMarker,HistoricTemporalThing,relatesToConcepts
HistoricalSite,HistoricTemporalThing,relatesToConcepts
HistoricallySignificantEvent,HistoricTemporalThing,relatesToConcepts
HomoSapiens_asAnimal,HomoSapiens_asPerson,relatesToPersons
Hoop,RoundObject,relatesToShapes
Human,HomoSapiens_asAnimal,relatesToAnimals
HumanLanguage,TemporallyExistingThing,relatesToConcepts
HumanOccupationConstruct,HumanlyOccupiedSpatialObject,relatesToLocationPlace
HumanResidenceArea,HumanlyOccupiedSpatialObject,relatesToLocationPlace
HydrocarbonReservoir,Layer,relatesToForms
Hydrology,Water,relatesToNaturalSubstances
IceFloe,WaterResources,relatesToConcepts
IllegalDrugActivity,DangerousActivity,relatesToConcepts
Immunology,ImmuneSystem,relatesToAnimals
Immunotoxin,ImmuneSystem,relatesToAnimals
IncurringAnInjury,EventCausingDistressOrPain,relatesToConcepts
IndependentOrganization,IndependentThing,relatesToConcepts
IndexNumber,UnitOfMeasureConcept,relatesToConcepts
Individualism,IndependentThing,relatesToConcepts
IndustrialSupply,Supplies,relatesToCopulativeRelations
InformationBearingWavePropagation,InformationTransferPhysicalEvent,relatesToInformation
InorganicCompound,MolecularStuff,relatesToManifestations
InstantaneousEvent,TemporallyContinuousThing,relatesToConcepts
IntrinsicStateChangeEvent,IntrinsicStateChangeAttribute,relatesToAdjunctualAttributes
IvoryWorkOfArt,Ivory,relatesToOrganicMatter
Jellyfish,Radiata,relatesToShapes
KeyboardLayout,Arrangement,relatesToConcepts
KosherFood,ThingConformingToKosherDietaryLaws,relatesToArtifacts
LaboratorySupply,Supplies,relatesToCopulativeRelations
LandscapeType,CartographicFeatureType,relatesToKnowledgeDomains
Language,Languages,relatesToInformation
LawnChair_PieceOfFurniture,Collapsible,relatesToForms
LearnedActivityType,Learning,relatesToLearningProcesses
LibraryOfCongressClassification,USLibraryOfCongress_Organization,relatesToOrganizations
LifeThreateningCondition,DangerousSituation,relatesToConcepts
LinkageSystem,CustomarySystemOfLinks,relatesToShapes
LongitudeLine,Semiellipse,relatesToShapes
LowEarthOrbit,OrbitalPathClass,relatesToShapes
MaleHuman,PersonalQuantity,relatesToForms
ManMadeHazard,DangerousSituation,relatesToConcepts
Marchantiophyta,Spore_PlantLifeStage,relatesToLivingThings
MarineAnimal,MarineOrganism,relatesToLivingThings
Measurement,MeasuringSomething,relatesToActionTypes
MeasuringDevice,UnitOfMeasureConcept,relatesToConcepts
MeasuringSomething,UnitOfMeasureConcept,relatesToConcepts
MediaProduct,Media,relatesToInformation
MediaProduct,TemporallyExistingThing,relatesToConcepts
MedicalProcedureOrEvent,Situation_Localized,relatesToSituationTypes
MedicalSupply,Supplies,relatesToCopulativeRelations
MedicalTreatmentEvent,TreatmentProcedure,relatesToEventTypes
MediumEarthOrbit,OrbitalPathClass,relatesToShapes
MentalQuantity,MentalAttribute,relatesToIntrinsicAttributes
Microbiology,Virus,relatesToLivingThings
Microorganism,MicroscopicScaleObject,relatesToShapes
Mineral,Mineralogy,relatesToKnowledgeDomains
MineralPile,Pile,relatesToConcepts
Mixture,Mixture_Generic,relatesToForms
ModernMilitaryOrganization,MilitaryOrganizationConcept,relatesToConcepts
Monarchy_Topics,Monarchy,relatesToOrganizations
Moxibustion,Alternative,relatesToConcepts
Music,SoundInformationBearingThing,relatesToNaturalPhenomena
MusicAward,AwardAttribute,relatesToAdjunctualAttributes
MusicLooping,Music,relatesToAudioInfo
MusicTypeByGenre,ConventionalClassificationType,relatesToCopulativeRelations
Nanotube,MicroscopicScaleObject,relatesToShapes
Narrative,TemporalStuffType,relatesToConcepts
NationalTreasure,HistoricTemporalThing,relatesToConcepts
NaturalHazard,DangerousSituation,relatesToConcepts
NaturalMaterial,Nature,relatesToConcepts
NaturalResource,Environment_Generic,relatesToShapes
NaturalResourceType,TemporalStuffType,relatesToConcepts
NeurologicalDisorder,Neurology,relatesToKnowledgeDomains
NeurologicalDisorder,Neuropsychology,relatesToKnowledgeDomains
NonAspectualQuantity,NonAspectualAttribute,relatesToIntrinsicAttributes
ObjectTypes,TemporalStuffType,relatesToConcepts
Omnivore,Heterotroph,relatesToLivingThings
OrganicChemicalObject,ChemicalObject,relatesToChemistry
OrganicCompound,MolecularStuff,relatesToManifestations
OrganicCompound,OrganicMaterial,relatesToOrganicMatter
Organism,Biology,relatesToKnowledgeDomains
Organism,Life,relatesToLivingThings
OrganismPart,BiologicalParts,relatesToDirectRelations
OrganismPart,Parts,relatesToDirectRelations
OrganismPart,PhysicalPartOfObject,relatesToManifestations
OrganismTypes,ConventionalClassificationType,relatesToCopulativeRelations
OutdoorLocation,Outdoors,relatesToLocationPlace
Paint,Paint_Generic,relatesToForms
Parts,Mereology,relatesToKnowledgeDomains
Parts_Topic,Parts,relatesToDirectRelations
PathArtifactSystem,CustomarySystemOfLinks,relatesToShapes
PavedPath,Paved,relatesToForms
PersistenceDistribution,QualificationAttribute,relatesToIntrinsicAttributes
Person,Sentient,relatesToManifestations
PersonTypeByEthnicity,Peoples,relatesToSociety
PersonTypeByMaritalStatus,ExtrinsicAspect,relatesToContextualAttributes
PersonTypeByNationality,Peoples,relatesToSociety
PersonTypeByOccupation,ConventionalClassificationType,relatesToCopulativeRelations
PersonTypes,ConventionalClassificationType,relatesToCopulativeRelations
PersonTypes,PersonalQuantity,relatesToForms
PersonWithOccupation,BusinessRelatedThing,relatesToEconomicSystems
PersonalQuantity,PersonalAttribute,relatesToIntrinsicAttributes
Personhood,IndependentThing,relatesToConcepts
PhysicalContactEvent,PhysicalContactSituation,relatesToSituationTypes
PhysicalCreationOrDestructionEvent,PhysicalChangeAttribute,relatesToAdjunctualAttributes
PhysicalPartOfObject,Parts,relatesToDirectRelations
PhysicalPartOfObject,PhysicalParts,relatesToDirectRelations
PhysicalTransformationEvent,PhysicalChangeAttribute,relatesToAdjunctualAttributes
PhysiologicalCondition,AbnormalSystemCondition,relatesToSituationTypes
PhysiologicalCondition,PhysicalSituation,relatesToSituationTypes
Pier,LinearObject_Tangible,relatesToShapes
PipingSystem_Generic,CustomarySystemOfLinks,relatesToShapes
PlanetCrust,OutdoorLocation,relatesToPlaces
PlantBLO,BiologicalLivingObject,relatesToLivingThings
PlantBLO,KingdomPlantae,relatesToLivingThings
Plantae,MulticellularOrganism,relatesToLivingThings
Plateau,SurfaceLayer_TopSurface,relatesToShapes
Platform,SupportSurface,relatesToShapes
PolymerMolecule,MolecularStuff,relatesToManifestations
PowerSaw,DangerousThing,relatesToConcepts
PreciousMetal,Metal,relatesToNaturalSubstances
PreparedFood,FoodAndDrinkPreparation,relatesToActionTypes
PreventingFromHappening,InhibitionSituation,relatesToSituationTypes
Prion,MicroscopicScaleObject,relatesToShapes
Prize,AwardAttribute,relatesToAdjunctualAttributes
ProbabilityInterval,QualificationAttribute,relatesToIntrinsicAttributes
ProcessType,TemporalStuffType,relatesToConcepts
ProcessedFood,FoodAndDrinkPreparation,relatesToActionTypes
Produce,Food,relatesToFoodDrink
ProkaryoticCell,MoneraKingdom,relatesToLivingThings
ProtistBLO,BiologicalLivingObject,relatesToLivingThings
ProtistBLO,KingdomProtista,relatesToLivingThings
Protista,Microorganism,relatesToLivingThings
Quality,QualityAttribute,relatesToIntrinsicAttributes
Quantity,QuantityAttribute,relatesToContextualAttributes
RailroadSwitch,BranchingJunction,relatesToConcepts
Rapids,DangerousThing,relatesToConcepts
RawMaterials,Resource,relatesToConcepts
RecruitingActivity_Military,MilitaryOrganizationConcept,relatesToConcepts
ReleaseOfBiochemicallyHarmfulSubstance,DangerousSituation,relatesToConcepts
ReleaseOfBiochemicallyHarmfulSubstance,EventCausingDistressOrPain,relatesToConcepts
Relish_Food,Lumpy,relatesToForms
RenewableResource,Resource,relatesToConcepts
RhizariaBLO,KingdomRhizaria,relatesToLivingThings
RoadwayInterchange,ArrangementOfLikeObjects,relatesToConcepts
RoadwayJunction,JunctionOfPaths,relatesToConcepts
RomanFrontier,RomanEmpire,relatesToGeopolitical
Rotunda,RoundObject,relatesToShapes
Saw,DangerousThing,relatesToConcepts
Scandal,EventCausingDistressOrPain,relatesToConcepts
Scene_Dramatic,TemporallyContinuousThing,relatesToConcepts
ScubaDiving,DangerousActivity,relatesToConcepts
Seaweed,MarineOrganism,relatesToLivingThings
SeedGerminationEvent,BiologicalAttribute,relatesToAdjunctualAttributes
SelfControl,IndependentThing,relatesToConcepts
SemiSolidTangibleThing,FiniteSpatialThing,relatesToShapes
SensoryQuantity,SensoryAttribute,relatesToIntrinsicAttributes
SentientAnimal,Sentient,relatesToAgents
ServiceEvent,HelpingAnAgent,relatesToActionTypes
SharkAttack,DangerousEvent,relatesToConcepts
Shark_GreatWhite,DangerousThing,relatesToConcepts
SilentFilmMusic,Movie_Silent,relatesToVisualInfo
SingleCellOrganism,Microorganism,relatesToLivingThings
Situation,TemporallyExistingThing,relatesToConcepts
Skin,Layer,relatesToForms
SkyDiving,DangerousActivity,relatesToConcepts
Slide_Topographical,Pile,relatesToConcepts
Smoking,DangerousActivity,relatesToConcepts
SocialEnvironment,Environment_Generic,relatesToShapes
SocialQuantity,SocialAttribute,relatesToContextualAttributes
SolarEnergy,Light_Stuff,relatesToConcepts
SolidTangibleArtifact,SolidTangibleThing,relatesToShapes
Solid_StateOfMatter,SolidTangibleThing,relatesToShapes
SomaticCell,Protozoan,relatesToLivingThings
SpatialThing,Spatial_Topic,relatesToTopicsCategories
SpatialThing_Localized,TemporallyExistingThing,relatesToConcepts
SportsAward,AwardAttribute,relatesToAdjunctualAttributes
StramenopilesBLO,KingdomStramenopiles,relatesToLivingThings
Stratum,Layer,relatesToForms
StyleAttribute,ConventionalClassificationType,relatesToCopulativeRelations
SubAtomicParticle,MicroscopicScaleObject,relatesToShapes
SubAtomicParticle,TemporalThing,relatesToConcepts
SubstanceAbuse,DangerousActivity,relatesToConcepts
SurfaceRegion_Finite,FiniteSpatialThing,relatesToShapes
SymptomConditions,PhysiologicalCondition,relatesToDiseases
TechnologyEvangelism,Technology,relatesToConcepts
TechnologyInTheMiddleAges,Technology,relatesToConcepts
Technology_Artifact,Technology,relatesToConcepts
TelephoneSystem,TransactionalNetwork,relatesToConcepts
TerrestrialAnimal,TerrestrialOrganism,relatesToLivingThings
TerrestrialPlant,TerrestrialOrganism,relatesToLivingThings
TextileArtifact,Fibrous,relatesToForms
TimeInterval,TemporallyExtendedThing,relatesToConcepts
TimeInterval,TimeAttributes,relatesToIntrinsicAttributes
TimeParameter,TimeAttributes,relatesToIntrinsicAttributes
Time_Quantity,TimeAttributes,relatesToIntrinsicAttributes
Timekeeping,UnitOfMeasureConcept,relatesToConcepts
TopographicalFeature,Configuration,relatesToForms
TopographicalFeature,Place_NonAgent_Area,relatesToAreaRegion
Topsoil,SurfaceLayer_TopSurface,relatesToShapes
TornadoAsObject,DangerousThing,relatesToConcepts
TortureDevice,DangerousThing,relatesToConcepts
Torus,RoundObject,relatesToShapes
TouristAttraction,EntertainmentService,relatesToTertiarySectorServices
ToxicSubstance,Toxicology,relatesToKnowledgeDomains
Train,Railway,relatesToAreaRegion
TransportAndTheEnvironment,EnvironmentalImpact,relatesToArtifacts
TransportByMode,Transportation_Topic,relatesToTopicsCategories
TransportSystem,Transportation_Topic,relatesToTopicsCategories
TransportationDevice,HumanlyOccupiedSpatialObject,relatesToLocationPlace
TravelClass,TravelAttribute,relatesToIntrinsicAttributes
UrineTest,Urine,relatesToOrganicMatter
Vampire,Mammal,relatesToAnimals
VerificationOfCredit,Credit,relatesToEconomicSystems
Virology,Virus,relatesToLivingThings
Virus,Microorganism,relatesToLivingThings
VisualImage,VisibleLight,relatesToNaturalPhenomena
WaterIndustry,Water,relatesToNaturalSubstances
WaterResources,Water,relatesToNaturalSubstances
WaterSurfacePath,Water,relatesToNaturalMatter
WaterTreatment,PublicUtilityService,relatesToTertiarySectorServices
Water_Fresh,WaterResources,relatesToConcepts
Weapon,DangerousThing,relatesToConcepts
Werewolf,Mammal,relatesToAnimals
WholeBody,IndependentThing,relatesToConcepts
Wildfire,DangerousSituation,relatesToConcepts
Wood,Fibrous,relatesToForms
WoolFiber,Fibrous,relatesToForms
Yeast,Microorganism,relatesToLivingThings
