id,subClassOf,parent
Acanthocercus,subClassOf,Agamidae
AgamaGenus,subClassOf,Agamidae
AgamidLizardsOfAfrica,subClassOf,Agamidae
Calotes,subClassOf,Agamidae
Ceratophora,subClassOf,Agamidae
DracoGenus,subClassOf,Agamidae
Hypsilurus,subClassOf,Agamidae
Trapelus,subClassOf,Agamidae
Pogona,subClassOf,Agamidae
Gonocephalus,subClassOf,Agamidae
Uromastyx,subClassOf,Agamidae
Ctenophorus,subClassOf,Agamidae
Hydrosaurus,subClassOf,Agamidae
Laudakia,subClassOf,Agamidae
Reptile,subClassOf,AirBreathingVertebrate
AmericanAlligator,subClassOf,Alligator
ChineseAlligator,subClassOf,Alligator
Melanosuchus,subClassOf,Alligatoridae
Caiman,subClassOf,Alligatoridae
Alligator,subClassOf,Alligatoridae
Paleosuchus,subClassOf,Alligatoridae
Reptile,subClassOf,Amniote
Turtle,subClassOf,Anapsid
CulebraIslandGiantAnole,subClassOf,Anole
MoreliaSnake,subClassOf,Antaresia
FloridaSoftshellTurtle,subClassOf,Apalone
SmoothSoftshellTurtle,subClassOf,Apalone
SpinySoftshellTurtle,subClassOf,Apalone
AspideretesGangeticus,subClassOf,Aspideretes
AspideretesHurum,subClassOf,Aspideretes
BlackSoftshellTurtle,subClassOf,Aspideretes
NagpurSoftshellTurtle,subClassOf,Aspideretes
CommonBasilisk,subClassOf,Basiliscus
PuertoRicanBoa,subClassOf,BoaConstrictor
BroadSnoutedCaiman,subClassOf,Caiman
SpectacledCaiman,subClassOf,Caiman
YacareCaiman,subClassOf,Caiman
CalodactylodesAureus,subClassOf,Calodactylodes
ParsonsChameleon,subClassOf,Chameleon
Calumma,subClassOf,Chameleon
FischersChameleon,subClassOf,Chameleon
MalagasyGiantChameleon,subClassOf,Chameleon
Chamaeleo,subClassOf,Chameleon
NatalMidlandsDwarfChameleon,subClassOf,Chameleon
Rhampholeon,subClassOf,Chameleon
VeiledChameleon,subClassOf,Chameleon
Sharp-nosedChameleon,subClassOf,Chameleon
Strange-nosedChameleon,subClassOf,Chameleon
Bradypodion,subClassOf,Chameleon
Furcifer,subClassOf,Chameleon
Brookesia,subClassOf,Chameleon
CapeDwarfChameleon,subClassOf,Chameleon
KarooDwarfChameleon,subClassOf,Chameleon
Rieppeleon,subClassOf,Chameleon
NamaquaChameleon,subClassOf,Chameleon
SeychellesTigerChameleon,subClassOf,Chameleon
FossilChelidTurtle,subClassOf,Chelidae
Hydromedusa,subClassOf,Chelidae
Macrochelodina,subClassOf,Chelodina
FlatbackTurtle,subClassOf,Cheloniinae
GreenSeaTurtle,subClassOf,Cheloniinae
HawksbillSeaTurtle,subClassOf,Cheloniinae
Chelydra,subClassOf,Chelydridae
ChitraIndica,subClassOf,Chitra
NewMexicoWhiptail,subClassOf,Cnemidophorus
Python,subClassOf,Constrictor
BoaConstrictor,subClassOf,Constrictor
Anaconda,subClassOf,Constrictor
Snake,subClassOf,CordlikeObject
Pseudocordylus,subClassOf,Cordylidae
Cordylus,subClassOf,Cordylidae
Chamaesaura,subClassOf,Cordylidae
Platysaurus,subClassOf,Cordylidae
Basiliscus,subClassOf,Corytophanidae
CosymbotusPlatyurus,subClassOf,Cosymbotus
Osteolaemus,subClassOf,Crocodile
Crocodylus,subClassOf,Crocodile
Alligatoridae,subClassOf,Crocodilian
Gavialidae,subClassOf,Crocodilian
Crocodile,subClassOf,Crocodilian
AmericanCrocodile,subClassOf,Crocodylus
FreshwaterCrocodile,subClassOf,Crocodylus
MoreletsCrocodile,subClassOf,Crocodylus
MuggerCrocodile,subClassOf,Crocodylus
NileCrocodile,subClassOf,Crocodylus
PhilippineCrocodile,subClassOf,Crocodylus
SaltwaterCrocodile,subClassOf,Crocodylus
SiameseCrocodile,subClassOf,Crocodylus
CubanCrocodile,subClassOf,Crocodylus
OrinocoCrocodile,subClassOf,Crocodylus
NewGuineaCrocodile,subClassOf,Crocodylus
SlenderSnoutedCrocodile,subClassOf,Crocodylus
CrossobamonOrientalis,subClassOf,Crossobamon
Trionychia,subClassOf,Cryptodira
Testudinoidea,subClassOf,Cryptodira
Plesiochelyidae,subClassOf,Cryptodira
Kinosternoidea,subClassOf,Cryptodira
SeaTurtle,subClassOf,Cryptodira
Baenidae,subClassOf,Cryptodira
AsianLeafTurtle,subClassOf,Cyclemys
CyclemysOldhami,subClassOf,Cyclemys
CommonBoxTortoise,subClassOf,DomesticPet
Herensuge,subClassOf,Dragon
DravidogeckoAnamallensis,subClassOf,Dravidogecko
EbenaviaInunguis,subClassOf,Ebenavia
EbenaviaMaintimainty,subClassOf,Ebenavia
Deirochelyinae,subClassOf,Emydidae
EublepharisHardwickii,subClassOf,Eublepharis
Captorhinidae,subClassOf,Eureptilia
Diapsid,subClassOf,Eureptilia
NewMexicoWhiptail,subClassOf,FemaleAnimal
FreshwaterTurtle,subClassOf,FreshwaterOrganism
Pseudemys,subClassOf,FreshwaterTurtle
SnappingTurtle,subClassOf,FreshwaterTurtle
SanFranciscoGarterSnake,subClassOf,GarterSnake
GiantGarterSnake,subClassOf,GarterSnake
Gharial,subClassOf,Gavialidae
FalseGharial,subClassOf,Gavialidae
AmaralsBrazilianGecko,subClassOf,Gecko
AnjouanIslandDayGecko,subClassOf,Gecko
AssumptionIslandDayGecko,subClassOf,Gecko
BeakedGecko,subClassOf,Gecko
Blaesodactylus,subClassOf,Gecko
AucklandGreenGecko,subClassOf,Gecko
Bunopus,subClassOf,Gecko
Carinatogecko,subClassOf,Gecko
AfricanFat-tailedGecko,subClassOf,Gecko
AeluroscalabotesFelinus,subClassOf,Gecko
AgalegaDayGecko,subClassOf,Gecko
AgamuraPersica,subClassOf,Gecko
AldabraIslandDayGecko,subClassOf,Gecko
AlsophylaxBoehmei,subClassOf,Gecko
AndamanIslandsDayGecko,subClassOf,Gecko
Asaccus,subClassOf,Gecko
BarboursDayGecko,subClassOf,Gecko
BibronsGecko,subClassOf,Gecko
Black-eyedGecko,subClassOf,Gecko
Blue-tailedDayGecko,subClassOf,Gecko
BoehmesGiantDayGecko,subClassOf,Gecko
Bogertia,subClassOf,Gecko
Calodactylodes,subClassOf,Gecko
ChekesDayGecko,subClassOf,Gecko
Cnemaspis,subClassOf,Gecko
CommonGecko,subClassOf,Gecko
Cosymbotus,subClassOf,Gecko
Crenadactylus,subClassOf,Gecko
Carphodactylus,subClassOf,Gecko
Crossobamon,subClassOf,Gecko
Colopus,subClassOf,Gecko
Chondrodactylus,subClassOf,Gecko
Cyrtodactylus,subClassOf,Gecko
CloudyGecko,subClassOf,Gecko
CochransCroakingGecko,subClassOf,Gecko
Cyrtopodion,subClassOf,Gecko
Diplodactylinae,subClassOf,Gecko
Diplodactylus,subClassOf,Gecko
DixoniusSiamensis,subClassOf,Gecko
Cryptactites,subClassOf,Gecko
Dravidogecko,subClassOf,Gecko
Coleonyx,subClassOf,Gecko
NewCaledonianCrestedGecko,subClassOf,Gecko
Coleodactylus,subClassOf,Gecko
Hemidactylus,subClassOf,Gecko
Gekko,subClassOf,Gecko
Homopholis,subClassOf,Gecko
ForestGecko,subClassOf,Gecko
Palmatogecko,subClassOf,Gecko
Haemodracon,subClassOf,Gecko
Hoplodactylus,subClassOf,Gecko
HarlequinGecko,subClassOf,Gecko
Hemiphyllodactylus,subClassOf,Gecko
Flat-tailedDayGecko,subClassOf,Gecko
KochsGiantDayGecko,subClassOf,Gecko
Gold-stripedGecko,subClassOf,Gecko
Hemitheconyx,subClassOf,Gecko
Geckolepis,subClassOf,Gecko
JammuBent-toedGecko,subClassOf,Gecko
Goniurosaurus,subClassOf,Gecko
HelmetedGecko,subClassOf,Gecko
Ebenavia,subClassOf,Gecko
LaDigueDayGecko,subClassOf,Gecko
DuvaucelsGecko,subClassOf,Gecko
MadagascarDayGecko,subClassOf,Gecko
Eublepharinae,subClassOf,Gecko
MalayanForestGecko,subClassOf,Gecko
Gehyra,subClassOf,Gecko
Homonota,subClassOf,Gecko
Euleptes,subClassOf,Gecko
MauritiusUplandForestDayGecko,subClassOf,Gecko
GoldDustDayGecko,subClassOf,Gecko
NorthlandGreenGecko,subClassOf,Gecko
Eublepharis,subClassOf,Gecko
Heteronotia,subClassOf,Gecko
Eurydactylodes,subClassOf,Gecko
JewelledGecko,subClassOf,Gecko
FourSpotDayGecko,subClassOf,Gecko
Leaf-toedGecko,subClassOf,Gecko
GoldenGecko,subClassOf,Gecko
MarlboroughGreenGecko,subClassOf,Gecko
Geckonia,subClassOf,Gecko
Lepidodactylus,subClassOf,Gecko
Gonatodes,subClassOf,Gecko
MauritiusLowlandForestDayGecko,subClassOf,Gecko
GrandComoroDayGecko,subClassOf,Gecko
LeschenaultsLeaf-toedGecko,subClassOf,Gecko
Gymnodactylus,subClassOf,Gecko
LewisPassGreenGecko,subClassOf,Gecko
DullDayGecko,subClassOf,Gecko
MadagascarGiantDayGecko,subClassOf,Gecko
GeckoellaJeyporensis,subClassOf,Gecko
MarbledGecko,subClassOf,Gecko
Goggia,subClassOf,Gecko
Holodactylus,subClassOf,Gecko
LeopardGecko,subClassOf,Gecko
MauritiusOrnateDayGecko,subClassOf,Gecko
MonitoGecko,subClassOf,Gecko
MoorishGecko,subClassOf,Gecko
NelsonGreenGecko,subClassOf,Gecko
NewCaledonianBumpyGecko,subClassOf,Gecko
OcelotGecko,subClassOf,Gecko
Oedura,subClassOf,Gecko
PacificGecko,subClassOf,Gecko
OrientalLeaf-toedGecko,subClassOf,Gecko
PasteursDayGecko,subClassOf,Gecko
PembaIslandDayGecko,subClassOf,Gecko
SeychellesGiantDayGecko,subClassOf,Gecko
SpeckledDayGecko,subClassOf,Gecko
Stenodactylus,subClassOf,Gecko
Ptyodactylus,subClassOf,Gecko
RoundIslandDayGecko,subClassOf,Gecko
Ptychozoon,subClassOf,Gecko
Thecadactylus,subClassOf,Gecko
TokayGecko,subClassOf,Gecko
TropicalHouseGecko,subClassOf,Gecko
SeippsDayGecko,subClassOf,Gecko
StephensIslandGecko,subClassOf,Gecko
StandingsDayGecko,subClassOf,Gecko
Phelsuma,subClassOf,Gecko
Teratolepis,subClassOf,Gecko
Sphaerodactylus,subClassOf,Gecko
Underwoodisaurus,subClassOf,Gecko
ViperGecko,subClassOf,Gecko
RoughGecko,subClassOf,Gecko
Rhacodactylus,subClassOf,Gecko
Phyllodactylus,subClassOf,Gecko
RodriguesGiantDayGecko,subClassOf,Gecko
SouthernLeaf-tailedGecko,subClassOf,Gecko
RobertMertensDayGecko,subClassOf,Gecko
RodriguesDayGecko,subClassOf,Gecko
SeychellesSmallDayGecko,subClassOf,Gecko
Yellow-headedDayGecko,subClassOf,Gecko
Yellow-throatedDayGecko,subClassOf,Gecko
WellingtonGreenGecko,subClassOf,Gecko
WestCoastGreenGecko,subClassOf,Gecko
GehyraMutilata,subClassOf,Gehyra
Gekkoninae,subClassOf,Gekko
AldabraGiantTortoise,subClassOf,Geochelone
BurmeseStarTortoise,subClassOf,Geochelone
AfricanSpurredTortoise,subClassOf,Geochelone
IndianStarTortoise,subClassOf,Geochelone
LeopardTortoise,subClassOf,Geochelone
Zonosaurus,subClassOf,Gerrhosauridae
Gerrhosaurus,subClassOf,Gerrhosauridae
Tetradactylus,subClassOf,Gerrhosauridae
HouseGecko,subClassOf,Hemidactylus
HomopholisFasciata,subClassOf,Homopholis
Enyalioides,subClassOf,Hoplocercidae
Conolophus,subClassOf,Iguana
MonaGroundIguana,subClassOf,Iguana
Cyclura,subClassOf,Iguana
Leiocephalus,subClassOf,Iguana
Ctenosaura,subClassOf,Iguana
Lizard,subClassOf,InsectEater
Staurotypinae,subClassOf,Kinosternidae
Kinosternon,subClassOf,Kinosterninae
Australolacerta,subClassOf,Lacertidae
Iberolacerta,subClassOf,Lacertidae
LacertaGenus,subClassOf,Lacertidae
Mesalina,subClassOf,Lacertidae
TimonGenus,subClassOf,Lacertidae
Acanthodactylus,subClassOf,Lacertidae
Philochortus,subClassOf,Lacertidae
Psammodromus,subClassOf,Lacertidae
LacertidLizardsOfAfrica,subClassOf,Lacertidae
Takydromus,subClassOf,Lacertidae
Gallotia,subClassOf,Lacertidae
Podarcis,subClassOf,Lacertidae
GiantTortoise,subClassOf,Large-Tortoise
LochNessMonster,subClassOf,LegendaryCreature
LepidodactylusListeri,subClassOf,Lepidodactylus
LepidodactylusLugubris,subClassOf,Lepidodactylus
Liolaemus,subClassOf,Liolaemidae
LissemysScutata,subClassOf,Lissemys
LissemysPunctata,subClassOf,Lissemys
Agamidae,subClassOf,Lizard
Lacertidae,subClassOf,Lizard
Gecko,subClassOf,Lizard
Aigialosauridae,subClassOf,Lizard
AmericanLeglessLizard,subClassOf,Lizard
AngelIslandChuckwalla,subClassOf,Lizard
Anguidae,subClassOf,Lizard
Pygopodidae,subClassOf,Lizard
Anguimorpha,subClassOf,Lizard
Anole,subClassOf,Lizard
Teiidae,subClassOf,Lizard
Corytophanidae,subClassOf,Lizard
Xenosauridae,subClassOf,Lizard
Dibamidae,subClassOf,Lizard
Bavarisaurus,subClassOf,Lizard
Hoplocercidae,subClassOf,Lizard
Cordylidae,subClassOf,Lizard
NightLizard,subClassOf,Lizard
Chameleon,subClassOf,Lizard
BluntNosedLeopardLizard,subClassOf,Lizard
Gymnophthalmidae,subClassOf,Lizard
Liolaemidae,subClassOf,Lizard
PeninsularChuckwalla,subClassOf,Lizard
Iguana,subClassOf,Lizard
IslandNightLizard,subClassOf,Lizard
RhinoHornLizard,subClassOf,Lizard
SaintCroixGroundLizard,subClassOf,Lizard
Tropiduridae,subClassOf,Lizard
KomodoDragon,subClassOf,Lizard
Polychrotidae,subClassOf,Lizard
GiantHornedLizard,subClassOf,Lizard
Estesia,subClassOf,Lizard
MexicanMoleLizard,subClassOf,Lizard
Dixonius,subClassOf,Lizard
Dolichosaurus,subClassOf,Lizard
CoachellaValleyFringeToedLizard,subClassOf,Lizard
Opluridae,subClassOf,Lizard
Gerrhosauridae,subClassOf,Lizard
LeopardLizard,subClassOf,Lizard
Skink,subClassOf,Lizard
Cnemidophorus,subClassOf,Lizard
LochNessMonsterInTelevision,subClassOf,LochNessMonster
Snake,subClassOf,LongThinObject
SeaTurtle,subClassOf,MarineOrganism
BlackCaiman,subClassOf,Melanosuchus
Dragon,subClassOf,MythologicalMonster
OeduraRhombifer,subClassOf,Oedura
DwarfCrocodile,subClassOf,Osteolaemus
CuviersDwarfCaiman,subClassOf,Paleosuchus
SmoothFrontedCaiman,subClassOf,Paleosuchus
AfricanHelmetedTurtle,subClassOf,Pelomedusidae
Pelusios,subClassOf,Pelomedusidae
Sistrurus,subClassOf,PitViper
Porthidium,subClassOf,PitViper
Rattlesnake,subClassOf,PitViper
Bothrops,subClassOf,PitViper
Atropoides,subClassOf,PitViper
Agkistrodon,subClassOf,PitViper
CrotalinaeByNewTaxa,subClassOf,PitViper
Gloydius,subClassOf,PitViper
WaterMoccasin,subClassOf,PitViper
Bothriechis,subClassOf,PitViper
Copperhead,subClassOf,PitViper
Lachesis,subClassOf,PitViper
Trimeresurus,subClassOf,PitViper
Bothriopsis,subClassOf,PitViper
Crotalus,subClassOf,PitViper
Hypnale,subClassOf,PitViper
Erymnochelys,subClassOf,Podocnemididae
Arrau,subClassOf,Podocnemis
YellowSpottedRiverTurtle,subClassOf,Podocnemis
Reptile,subClassOf,Poikilotherm
Archelon,subClassOf,Protostegidae
PseudemysFloridana,subClassOf,Pseudemys
AlabamaRedbellyTurtle,subClassOf,Pseudemys
AmericanRedBelliedTurtle,subClassOf,Pseudemys
FloridaRedbellyTurtle,subClassOf,Pseudemys
PseudemysConcinna,subClassOf,Pseudemys
RioGrandeCooter,subClassOf,Pseudemys
PseudemysTexana,subClassOf,Pseudemys
PtychozoonKuhli,subClassOf,Ptychozoon
PtychozoonLionotum,subClassOf,Ptychozoon
Paradelma,subClassOf,Pygopodidae
Aprasia,subClassOf,Pygopodidae
Delma,subClassOf,Pygopodidae
Ophidiocephalus,subClassOf,Pygopodidae
Apodora,subClassOf,Python
Antaresia,subClassOf,Python
AspiditesMelanocephalus,subClassOf,Python
AntaresiaMaculosa,subClassOf,Python
AntaresiaStimsoni,subClassOf,Python
AspiditesRamsayi,subClassOf,Python
Bothrochilus,subClassOf,Python
AntaresiaChildreni,subClassOf,Python
Aspidites,subClassOf,Python
MoreliaSnake,subClassOf,Python
Turtle,subClassOf,Quadruped
Crocodilian,subClassOf,Quadruped
Lizard,subClassOf,Quadruped
Sidewinder-Snake,subClassOf,Rattlesnake
ScaledReptile,subClassOf,Reptile
Crocodilian,subClassOf,Reptile
LochNessMonster,subClassOf,Reptile
Anapsid,subClassOf,Reptile
Dragon,subClassOf,Reptile
HornedLizard,subClassOf,Reptile
Eureptilia,subClassOf,Reptile
EgyptianCobra,subClassOf,Reptile
KempsRidleySeaTurtle,subClassOf,RidleySeaTurtle
OliveRidleySeaTurtle,subClassOf,RidleySeaTurtle
Reptile,subClassOf,ScaledAnimal
Snake,subClassOf,ScaledReptile
Lizard,subClassOf,ScaledReptile
Amphisbaenians,subClassOf,ScaledReptile
Protostegidae,subClassOf,SeaTurtle
Cheloniinae,subClassOf,SeaTurtle
Allopleuron,subClassOf,SeaTurtle
Corsochelys,subClassOf,SeaTurtle
LeatherbackSeaTurtle,subClassOf,SeaTurtle
LoggerheadSeaTurtle,subClassOf,SeaTurtle
RidleySeaTurtle,subClassOf,SeaTurtle
SandSkink,subClassOf,Skink
MoleSkink,subClassOf,Skink
Constrictor,subClassOf,Snake
VenomousSnake,subClassOf,Snake
Python,subClassOf,Snake
BlackMamba-1,subClassOf,Snake
BluffDownsGiantPython,subClassOf,Snake
BoaConstrictor,subClassOf,Snake
ConchoWaterSnake,subClassOf,Snake
Haasiophis,subClassOf,Snake
EasternIndigoSnake,subClassOf,Snake
GigantophisGarstini,subClassOf,Snake
Dinilysia,subClassOf,Snake
GarterSnake,subClassOf,Snake
KingCobra,subClassOf,Snake
Eupodophis,subClassOf,Snake
Red-belliedBlackSnake,subClassOf,Snake
SanFranciscoGarterSnake,subClassOf,Snake
Henophidia,subClassOf,Snake
GiantGarterSnake,subClassOf,Snake
YurlunggurSnake,subClassOf,Snake
PitViper,subClassOf,Snake
WaterSnake,subClassOf,Snake
Chelydra,subClassOf,SnappingTurtle
AlligatorSnappingTurtle,subClassOf,SnappingTurtle
Ameiva,subClassOf,Teiidae
Callopistes,subClassOf,Teiidae
Kentropyx,subClassOf,Teiidae
AfricanHelmetedTurtle,subClassOf,Terrapin
EuropeanPondTerrapin,subClassOf,Terrapin
DiamondbackTerrapin,subClassOf,Terrapin
FreshwaterTurtle,subClassOf,Terrapin
PhilippinePondTurtle,subClassOf,Terrapin
RedEaredSlider,subClassOf,Terrapin
Tortoise,subClassOf,TerrestrialOrganism
RussianTortoise,subClassOf,Testudo
KleinmannsTortoise,subClassOf,Testudo
TunisianSpur-thighedTortoise,subClassOf,Testudo
DesertTortoise,subClassOf,Tortoise
Geochelone,subClassOf,Tortoise
Large-Tortoise,subClassOf,Tortoise
RadiatedTortoise,subClassOf,Tortoise
ImpressedTortoise,subClassOf,Tortoise
PancakeTortoise,subClassOf,Tortoise
RedFootedTortoise,subClassOf,Tortoise
MarginatedTortoise,subClassOf,Tortoise
SeychellesGiantTortoise,subClassOf,Tortoise
ArnoldsGiantTortoise,subClassOf,Tortoise
SpeckledPadloperTortoise,subClassOf,Tortoise
Testudo,subClassOf,Tortoise
TestudoAtlas,subClassOf,Tortoise
BolsonTortoise,subClassOf,Tortoise
CommonBoxTortoise,subClassOf,Tortoise
GopherTortoise,subClassOf,Tortoise
TexasTortoise,subClassOf,Tortoise
YellowBelliedSlider,subClassOf,Trachemys
Cyclanorbinae,subClassOf,Trionychidae
Apalone,subClassOf,Trionychidae
Aspideretes,subClassOf,Trionychidae
Hadrianus,subClassOf,Trionychidae
Plastomeninae,subClassOf,Trionychidae
Trionychinae,subClassOf,Trionychidae
Microlophus,subClassOf,Tropiduridae
Terrapin,subClassOf,Turtle
ArgentineSnakeNeckedTurtle,subClassOf,Turtle
Pelomedusidae,subClassOf,Turtle
Anosteira,subClassOf,Turtle
Trionychidae,subClassOf,Turtle
ArakanForestTurtle,subClassOf,Turtle
Cyclemys,subClassOf,Turtle
Big-headedTurtle,subClassOf,Turtle
Tortoise,subClassOf,Turtle
Chelodina,subClassOf,Turtle
ChickenTurtle,subClassOf,Turtle
ChineseSoft-shelledTurtle,subClassOf,Turtle
Chitra,subClassOf,Turtle
Chelydridae,subClassOf,Turtle
Clemmys,subClassOf,Turtle
CommonSnakeneckTurtle,subClassOf,Turtle
Cuora,subClassOf,Turtle
Chelidae,subClassOf,Turtle
Cycloderma,subClassOf,Turtle
ClaudiusAngustatus,subClassOf,Turtle
Emydidae,subClassOf,Turtle
Cryptodira,subClassOf,Turtle
Podocnemis,subClassOf,Turtle
ChineseBoxTurtle,subClassOf,Turtle
Chisternon,subClassOf,Turtle
BlandingsTurtle,subClassOf,Turtle
BogTurtle,subClassOf,Turtle
IrwinsTurtle,subClassOf,Turtle
Meiolania,subClassOf,Turtle
DragonTurtle,subClassOf,Turtle
Dipsochelys,subClassOf,Turtle
GulfCoastSpinySoftshellTurtle,subClassOf,Turtle
Meiolaniidae,subClassOf,Turtle
Emydinae,subClassOf,Turtle
Emys,subClassOf,Turtle
Podocnemididae,subClassOf,Turtle
Graptemys,subClassOf,Turtle
Heosemys,subClassOf,Turtle
DesertTortoise,subClassOf,Turtle
GeoclemysHamiltonii,subClassOf,Turtle
HardellaThurjii,subClassOf,Turtle
HoanKiemTurtle,subClassOf,Turtle
GuadalupeSpinySoftshellTurtle,subClassOf,Turtle
Kachuga,subClassOf,Turtle
Kinosternidae,subClassOf,Turtle
GiantAsianPondTurtle,subClassOf,Turtle
Kinosterninae,subClassOf,Turtle
Hesperotestudo,subClassOf,Turtle
FlattenedMuskTurtle,subClassOf,Turtle
Glyptemys,subClassOf,Turtle
Lissemys,subClassOf,Turtle
MaryRiverTurtle,subClassOf,Turtle
Terrapene,subClassOf,Turtle
YellowMudTurtle,subClassOf,Turtle
YellowBlotchedMapTurtle,subClassOf,Turtle
NorthernMapTurtle,subClassOf,Turtle
Sternotherus,subClassOf,Turtle
Wattle-neckedSoft-shelledTurtle,subClassOf,Turtle
PaintedTurtle,subClassOf,Turtle
PlymouthRedbellyTurtle,subClassOf,Turtle
PallidSpinySoftshellTurtle,subClassOf,Turtle
SpottedTurtle,subClassOf,Turtle
TexasSpinySoftshellTurtle,subClassOf,Turtle
WesternPondTurtle,subClassOf,Turtle
MesoamericanRiverTurtle,subClassOf,Turtle
RotiIslandSnake-neckedTurtle,subClassOf,Turtle
WesternSpinySoftshellTurtle,subClassOf,Turtle
RingedMapTurtle,subClassOf,Turtle
SpinyTurtle,subClassOf,Turtle
WoodTurtle,subClassOf,Turtle
Trachemys,subClassOf,Turtle
Pig-nosedTurtle,subClassOf,Turtle
WesternChickenTurtle,subClassOf,Turtle
UnderwoodisaurusMilii,subClassOf,Underwoodisaurus
VenomousSnake,subClassOf,VenomousAnimal
PitViper,subClassOf,VenomousSnake
CoralSnake,subClassOf,VenomousSnake
Cobra,subClassOf,VenomousSnake
ConchoWaterSnake,subClassOf,WaterSnake
WaterMoccasin,subClassOf,WaterSnake
