id,object,relatesTo
Emergency,EndangeringSomething,relatesToActionTypes
Measurement,MeasuringSomething,relatesToActionTypes
PreparedFood,FoodAndDrinkPreparation,relatesToActionTypes
ProcessedFood,FoodAndDrinkPreparation,relatesToActionTypes
ServiceEvent,HelpingAnAgent,relatesToActionTypes
AcademyAward,AwardAttribute,relatesToAdjunctualAttributes
Adaptation,BiologicalAttribute,relatesToAdjunctualAttributes
BiologicalGrowthEvent,BiologicalAttribute,relatesToAdjunctualAttributes
BiologicalMaturationEvent,BiologicalAttribute,relatesToAdjunctualAttributes
BiologicalProductionEvent,BiologicalAttribute,relatesToAdjunctualAttributes
BodilyFunctionEvent_Involuntary,BiologicalAttribute,relatesToAdjunctualAttributes
CreationEvent,CreationAttribute,relatesToAdjunctualAttributes
Dying,BiologicalAttribute,relatesToAdjunctualAttributes
EmmyAward,AwardAttribute,relatesToAdjunctualAttributes
IntrinsicStateChangeEvent,IntrinsicStateChangeAttribute,relatesToAdjunctualAttributes
MusicAward,AwardAttribute,relatesToAdjunctualAttributes
PhysicalCreationOrDestructionEvent,PhysicalChangeAttribute,relatesToAdjunctualAttributes
PhysicalTransformationEvent,PhysicalChangeAttribute,relatesToAdjunctualAttributes
Prize,AwardAttribute,relatesToAdjunctualAttributes
SeedGerminationEvent,BiologicalAttribute,relatesToAdjunctualAttributes
SportsAward,AwardAttribute,relatesToAdjunctualAttributes
GeopoliticalEntity,GovernmentRelatedEntity,relatesToAgents
SentientAnimal,Sentient,relatesToAgents
AbominableSnowman,Mammal,relatesToAnimals
Bigfoot,Mammal,relatesToAnimals
Dragon,Reptile,relatesToAnimals
HomoSapiens_asPerson,HomoSapiens_asAnimal,relatesToAnimals
Immunology,ImmuneSystem,relatesToAnimals
Immunotoxin,ImmuneSystem,relatesToAnimals
Vampire,Mammal,relatesToAnimals
Werewolf,Mammal,relatesToAnimals
TopographicalFeature,Place_NonAgent_Area,relatesToAreaRegion
Train,Railway,relatesToAreaRegion
KosherFood,ThingConformingToKosherDietaryLaws,relatesToArtifacts
TransportAndTheEnvironment,EnvironmentalImpact,relatesToArtifacts
MusicLooping,Music,relatesToAudioInfo
OrganicChemicalObject,ChemicalObject,relatesToChemistry
AccountType,TemporalStuffType,relatesToConcepts
Acupressure,Alternative,relatesToConcepts
Acupuncture,Alternative,relatesToConcepts
AirplaneTrip,TemporallyContinuousThing,relatesToConcepts
AlternativeRockMusic,Alternative,relatesToConcepts
AlternativeScience,Alternative,relatesToConcepts
AncientCity,Ancient,relatesToConcepts
AncientCounty_China,Ancient,relatesToConcepts
AncientCurrency,Ancient,relatesToConcepts
AncientInternationalRelations,Ancient,relatesToConcepts
AncientMonument,Ancient,relatesToConcepts
AncientNavalShip,Ancient,relatesToConcepts
AncientRoadway,Ancient,relatesToConcepts
ArchaeologicalArtifact,Ancient,relatesToConcepts
ArchaeologicalSite,HistoricTemporalThing,relatesToConcepts
Archive,HistoricalCollection,relatesToConcepts
ArtifactType,TemporalStuffType,relatesToConcepts
Assets_Possession,Possession,relatesToConcepts
AttackOnTangible,DangerousSituation,relatesToConcepts
Bear_Animal,DangerousTangibleThing,relatesToConcepts
BiochemicallyHarmfulSubstance,DangerousTangibleThing,relatesToConcepts
BiologicalLivingObject,TemporallyContinuousThing,relatesToConcepts
BiologicalProcesses,TemporallyContinuousThing,relatesToConcepts
Blackout,DangerousEvent,relatesToConcepts
Blitz,DangerousEvent,relatesToConcepts
BodyOfWater,WaterResources,relatesToConcepts
BranchOfMilitaryService,MilitaryOrganizationConcept,relatesToConcepts
BushFlying,DangerousActivity,relatesToConcepts
BusinessRelatedThing,TemporalThing,relatesToConcepts
CartographicFeatureType,TemporalStuffType,relatesToConcepts
ChemicalSpeciesType,TemporalStuffType,relatesToConcepts
CommodityProduct,TemporalStuffType,relatesToConcepts
ConfluenceOfSinuses,JunctionOfPaths,relatesToConcepts
ConfluenceOfStreams,JunctionOfPaths,relatesToConcepts
ContinuousTimeInterval,TemporallyContinuousThing,relatesToConcepts
Convoy,LineOfObjects,relatesToConcepts
Crevasse,DangerousTangibleThing,relatesToConcepts
CriminalAct,DangerousActivity,relatesToConcepts
CulturalThing,TemporallyExistingThing,relatesToConcepts
CutFlower,IndependentThing,relatesToConcepts
CuttingDevice,DangerousTangibleThing,relatesToConcepts
DomesticLife,LifeSkills,relatesToConcepts
DragonTeeth,LineOfObjects,relatesToConcepts
DriverDistraction,DangerousEvent,relatesToConcepts
Electricity,EnergyStuff,relatesToConcepts
ElementaryParticle,TemporalThing,relatesToConcepts
Emergency,DangerousSituation,relatesToConcepts
EnergyPhenomena,EnergyStuff,relatesToConcepts
EnergyProduction,EnergyStuff,relatesToConcepts
EnergySource,EnergyStuff,relatesToConcepts
EnergySource,EnergyStuff,relatesToConcepts
EnergySource,Resource,relatesToConcepts
Explosive,DangerousTangibleThing,relatesToConcepts
ExplosiveDevice,DangerousTangibleThing,relatesToConcepts
ExtremeThermalSituation,DangerousSituation,relatesToConcepts
FictionalCharacter,TemporallyExistingThing,relatesToConcepts
Fight_Physical,DangerousActivity,relatesToConcepts
Firefighting,DangerousActivity,relatesToConcepts
FloodedArea,DangerousTangibleThing,relatesToConcepts
FlowerArrangement,Arrangement,relatesToConcepts
Fork_Topographical,BranchingJunction,relatesToConcepts
Freeware,FreeThing,relatesToConcepts
GeologicTimeScale,Prehistoric,relatesToConcepts
Gift,TemporallyExistingThing,relatesToConcepts
Groundwater,WaterResources,relatesToConcepts
Hedge,RowOfObjects,relatesToConcepts
HistoricallySignificantEvent,HistoricTemporalThing,relatesToConcepts
HistoricalMarker,HistoricTemporalThing,relatesToConcepts
HistoricalSite,HistoricTemporalThing,relatesToConcepts
HistoricFigure,HistoricTemporalThing,relatesToConcepts
HistoricPeriod,HistoricTemporalThing,relatesToConcepts
HumanLanguage,TemporallyExistingThing,relatesToConcepts
IceFloe,WaterResources,relatesToConcepts
IllegalDrugActivity,DangerousActivity,relatesToConcepts
IncurringAnInjury,EventCausingDistressOrPain,relatesToConcepts
IndependentOrganization,IndependentThing,relatesToConcepts
IndexNumber,UnitOfMeasureConcept,relatesToConcepts
Individualism,IndependentThing,relatesToConcepts
InstantaneousEvent,TemporallyContinuousThing,relatesToConcepts
KeyboardLayout,Arrangement,relatesToConcepts
LifeThreateningCondition,DangerousSituation,relatesToConcepts
ManMadeHazard,DangerousSituation,relatesToConcepts
MeasuringDevice,UnitOfMeasureConcept,relatesToConcepts
MeasuringSomething,UnitOfMeasureConcept,relatesToConcepts
MediaProduct,TemporallyExistingThing,relatesToConcepts
MineralPile,Pile,relatesToConcepts
ModernMilitaryOrganization,MilitaryOrganizationConcept,relatesToConcepts
Moxibustion,Alternative,relatesToConcepts
Narrative,TemporalStuffType,relatesToConcepts
NationalTreasure,HistoricTemporalThing,relatesToConcepts
NaturalHazard,DangerousSituation,relatesToConcepts
NaturalMaterial,Nature,relatesToConcepts
NaturalResourceType,TemporalStuffType,relatesToConcepts
ObjectTypes,TemporalStuffType,relatesToConcepts
Personhood,IndependentThing,relatesToConcepts
PowerSaw,DangerousTangibleThing,relatesToConcepts
ProcessType,TemporalStuffType,relatesToConcepts
RailroadSwitch,BranchingJunction,relatesToConcepts
Rapids,DangerousTangibleThing,relatesToConcepts
RawMaterials,Resource,relatesToConcepts
RecruitingActivity_Military,MilitaryOrganizationConcept,relatesToConcepts
ReleaseOfBiochemicallyHarmfulSubstance,DangerousSituation,relatesToConcepts
ReleaseOfBiochemicallyHarmfulSubstance,EventCausingDistressOrPain,relatesToConcepts
RenewableResource,Resource,relatesToConcepts
RoadwayInterchange,ArrangementOfLikeObjects,relatesToConcepts
RoadwayJunction,JunctionOfPaths,relatesToConcepts
Saw,DangerousTangibleThing,relatesToConcepts
Scandal,EventCausingDistressOrPain,relatesToConcepts
Scene_Dramatic,TemporallyContinuousThing,relatesToConcepts
ScubaDiving,DangerousActivity,relatesToConcepts
SelfControl,IndependentThing,relatesToConcepts
Shark_GreatWhite,DangerousTangibleThing,relatesToConcepts
SharkAttack,DangerousEvent,relatesToConcepts
Situation,TemporallyExistingThing,relatesToConcepts
SkyDiving,DangerousActivity,relatesToConcepts
Slide_Topographical,Pile,relatesToConcepts
Smoking,DangerousActivity,relatesToConcepts
SolarEnergy,Light_Stuff,relatesToConcepts
SpatialThing_Localized,TemporallyExistingThing,relatesToConcepts
SubAtomicParticle,TemporalThing,relatesToConcepts
SubstanceAbuse,DangerousActivity,relatesToConcepts
Technology_Artifact,Technology,relatesToConcepts
TechnologyEvangelism,Technology,relatesToConcepts
TechnologyInTheMiddleAges,Technology,relatesToConcepts
TelephoneSystem,TransactionalNetwork,relatesToConcepts
TimeInterval,TemporallyExtendedThing,relatesToConcepts
Timekeeping,UnitOfMeasureConcept,relatesToConcepts
TornadoAsObject,DangerousTangibleThing,relatesToConcepts
TortureDevice,DangerousTangibleThing,relatesToConcepts
Water_Fresh,WaterResources,relatesToConcepts
Weapon,DangerousTangibleThing,relatesToConcepts
WholeBody,IndependentThing,relatesToConcepts
Wildfire,DangerousSituation,relatesToConcepts
AdultConsumer,ExtrinsicAspect,relatesToContextualAttributes
EconomicalQuantity,EconomicAttribute,relatesToContextualAttributes
GenreTypes,Classification,relatesToContextualAttributes
GeographicalQuantity,GeographicAttribute,relatesToContextualAttributes
PersonTypeByMaritalStatus,ExtrinsicAspect,relatesToContextualAttributes
Quantity,QuantityAttribute,relatesToContextualAttributes
SocialQuantity,SocialAttribute,relatesToContextualAttributes
Action,Actions,relatesToCopulativeRelations
ArtSupplies,Supplies,relatesToCopulativeRelations
FoodGroup,ConventionalClassificationType,relatesToCopulativeRelations
Group,CollectionType,relatesToCopulativeRelations
IndustrialSupply,Supplies,relatesToCopulativeRelations
LaboratorySupply,Supplies,relatesToCopulativeRelations
MedicalSupply,Supplies,relatesToCopulativeRelations
MusicTypeByGenre,ConventionalClassificationType,relatesToCopulativeRelations
OrganismTypes,ConventionalClassificationType,relatesToCopulativeRelations
PersonTypeByOccupation,ConventionalClassificationType,relatesToCopulativeRelations
PersonTypes,ConventionalClassificationType,relatesToCopulativeRelations
StyleAttribute,ConventionalClassificationType,relatesToCopulativeRelations
AutoPart,PhysicalParts,relatesToDirectRelations
CellPart,BiologicalParts,relatesToDirectRelations
CellPart,Parts,relatesToDirectRelations
OrganismPart,BiologicalParts,relatesToDirectRelations
OrganismPart,Parts,relatesToDirectRelations
Parts_Topic,Parts,relatesToDirectRelations
PhysicalPartOfObject,Parts,relatesToDirectRelations
PhysicalPartOfObject,PhysicalParts,relatesToDirectRelations
AilmentCondition,ChronicCondition,relatesToDiseases
BiochemicallyHarmfulSubstance,DiseaseAgent,relatesToDiseases
SymptomConditions,PhysiologicalCondition,relatesToDiseases
CommercialOrganization,BusinessRelatedThing,relatesToEconomicSystems
PersonWithOccupation,BusinessRelatedThing,relatesToEconomicSystems
PersonWithOccupation,BusinessRelatedThing,relatesToEconomicSystems
VerificationOfCredit,Credit,relatesToEconomicSystems
Bill_Currency,CoinCollecting,relatesToEventTypes
MedicalTreatmentEvent,TreatmentProcedure,relatesToEventTypes
Carnivory,Meat,relatesToFoodDrink
Produce,Food,relatesToFoodDrink
Aquifer,Layer,relatesToForms
AtmosphericBoundaryLayer,Layer,relatesToForms
AtmosphericLayer,Layer,relatesToForms
BlindShade,Collapsible,relatesToForms
Buttermilk,Lumpy,relatesToForms
CollapsibleDevice,Collapsible,relatesToForms
CottageCheese,Lumpy,relatesToForms
CottonFiber,Fibrous,relatesToForms
CytoplasmLayer,Layer,relatesToForms
FemaleHuman,PersonalQuantity,relatesToForms
Fiberglass,Fibrous,relatesToForms
Flexible_Form,Flexible,relatesToForms
FoldingTable,Collapsible,relatesToForms
Glacier,Layer,relatesToForms
HydrocarbonReservoir,Layer,relatesToForms
LawnChair_PieceOfFurniture,Collapsible,relatesToForms
MaleHuman,PersonalQuantity,relatesToForms
Mixture,Mixture_Generic,relatesToForms
Paint,Paint_Generic,relatesToForms
PavedPath,Paved,relatesToForms
PersonTypes,PersonalQuantity,relatesToForms
Relish_Food,Lumpy,relatesToForms
Skin,Layer,relatesToForms
Stratum,Layer,relatesToForms
TextileArtifact,Fibrous,relatesToForms
TopographicalFeature,Configuration,relatesToForms
Wood,Fibrous,relatesToForms
WoolFiber,Fibrous,relatesToForms
AdministrativeDistrict,AdministrativeDivision,relatesToGeopolitical
ConfederateStatesOfAmerica_EconomicHistory,ConfederateStatesOfAmerica,relatesToGeopolitical
CountrySubsidiary,CountrySubsidiary,relatesToGeopolitical
HeritageSiteInBritishColumbia,BritishColumbia_CanadianProvince,relatesToGeopolitical
RomanFrontier,RomanEmpire,relatesToGeopolitical
InformationBearingWavePropagation,InformationTransferPhysicalEvent,relatesToInformation
Language,Languages,relatesToInformation
MediaProduct,Media,relatesToInformation
AwarenessQuantity,AwarenessAttribute,relatesToIntrinsicAttributes
ClothingSizeType,SizeAttribute,relatesToIntrinsicAttributes
Color,ColorAttribute,relatesToIntrinsicAttributes
Configuration,ConfigurationAttribute,relatesToIntrinsicAttributes
MentalQuantity,MentalAttribute,relatesToIntrinsicAttributes
NonAspectualQuantity,NonAspectualAttribute,relatesToIntrinsicAttributes
PersistenceDistribution,QualificationAttribute,relatesToIntrinsicAttributes
PersonalQuantity,PersonalAttribute,relatesToIntrinsicAttributes
ProbabilityInterval,QualificationAttribute,relatesToIntrinsicAttributes
Quality,QualityAttribute,relatesToIntrinsicAttributes
SensoryQuantity,SensoryAttribute,relatesToIntrinsicAttributes
Time_Quantity,TimeAttributes,relatesToIntrinsicAttributes
TimeInterval,TimeAttributes,relatesToIntrinsicAttributes
TimeParameter,TimeAttributes,relatesToIntrinsicAttributes
TravelClass,TravelAttribute,relatesToIntrinsicAttributes
CondensedMatter,Physics,relatesToKnowledgeDomains
EcologicalRegion,Biogeography,relatesToKnowledgeDomains
Fungus,Fungus_Generic,relatesToKnowledgeDomains
LandscapeType,CartographicFeatureType,relatesToKnowledgeDomains
Mineral,Mineralogy,relatesToKnowledgeDomains
NeurologicalDisorder,Neurology,relatesToKnowledgeDomains
NeurologicalDisorder,Neuropsychology,relatesToKnowledgeDomains
OrganicChemistry,OrganicChemistryFOS,relatesToKnowledgeDomains
Organism,Biology,relatesToKnowledgeDomains
Parts,Mereology,relatesToKnowledgeDomains
ToxicSubstance,Toxicology,relatesToKnowledgeDomains
LearnedActivityType,Learning,relatesToLearningProcesses
Algae,AquaticOrganism,relatesToLivingThings
AnimalBLO,BiologicalLivingObject,relatesToLivingThings
AnimalBLO,KingdomAnimalia,relatesToLivingThings
Animalia,Heterotroph,relatesToLivingThings
Animalia,MulticellularOrganism,relatesToLivingThings
AnucleatedCell,ProkaryoticCell,relatesToLivingThings
AquaticAnimal,AquaticOrganism,relatesToLivingThings
AquaticPlant,AquaticOrganism,relatesToLivingThings
ArchaeaBLO,KingdomArchaea,relatesToLivingThings
Ascomycota,MulticellularOrganism,relatesToLivingThings
AsexualBLO,BiologicalLivingObject,relatesToLivingThings
Autotroph_Bacterium,Autotroph,relatesToLivingThings
Bacteria,Microorganism,relatesToLivingThings
BacteriaBLO,KingdomBacteria,relatesToLivingThings
BacterialBioAgent,LivingBiologicalAgent,relatesToLivingThings
Basidiomycota,MulticellularOrganism,relatesToLivingThings
BiochemicallyHarmfulSubstance,BiologicalAgentType,relatesToLivingThings
BloodPressure,Blood,relatesToLivingThings
Carnivore,OrganismTypeByNutrition,relatesToLivingThings
Dictyostelida,MulticellularOrganism,relatesToLivingThings
DiploidCell,Protozoan,relatesToLivingThings
Diseases,InfectiousAgents,relatesToLivingThings
FungalBioAgent,LivingBiologicalAgent,relatesToLivingThings
Fungus,Heterotroph,relatesToLivingThings
FungusBLO,BiologicalLivingObject,relatesToLivingThings
FungusBLO,KingdomFungi,relatesToLivingThings
Marchantiophyta,Spore_PlantLifeStage,relatesToLivingThings
MarineAnimal,MarineOrganism,relatesToLivingThings
Microbiology,Virus,relatesToLivingThings
Omnivore,Heterotroph,relatesToLivingThings
Organism,Life,relatesToLivingThings
Plantae,MulticellularOrganism,relatesToLivingThings
PlantBLO,BiologicalLivingObject,relatesToLivingThings
PlantBLO,KingdomPlantae,relatesToLivingThings
ProkaryoticCell,MoneraKingdom,relatesToLivingThings
Protista,Microorganism,relatesToLivingThings
ProtistBLO,BiologicalLivingObject,relatesToLivingThings
ProtistBLO,KingdomProtista,relatesToLivingThings
RhizariaBLO,KingdomRhizaria,relatesToLivingThings
Seaweed,MarineOrganism,relatesToLivingThings
SingleCellOrganism,Microorganism,relatesToLivingThings
SomaticCell,Protozoan,relatesToLivingThings
StramenopilesBLO,KingdomStramenopiles,relatesToLivingThings
TerrestrialAnimal,TerrestrialOrganism,relatesToLivingThings
TerrestrialPlant,TerrestrialOrganism,relatesToLivingThings
Virology,Virus,relatesToLivingThings
Virus,Microorganism,relatesToLivingThings
Yeast,Microorganism,relatesToLivingThings
HumanOccupationConstruct,HumanlyOccupiedSpatialObject,relatesToLocationPlace
HumanResidenceArea,HumanlyOccupiedSpatialObject,relatesToLocationPlace
OutdoorLocation,Outdoors,relatesToLocationPlace
TransportationDevice,HumanlyOccupiedSpatialObject,relatesToLocationPlace
Animal,PerceptualAgent_Embodied,relatesToManifestations
BiologicalLivingObject,BiologicalMatter,relatesToManifestations
BiologicalLivingObject,NaturalTangibleStuff,relatesToManifestations
ChemicalObject,MolecularStuff,relatesToManifestations
InorganicCompound,MolecularStuff,relatesToManifestations
OrganicCompound,MolecularStuff,relatesToManifestations
OrganismPart,PhysicalPartOfObject,relatesToManifestations
Person,Sentient,relatesToManifestations
PolymerMolecule,MolecularStuff,relatesToManifestations
BodyOfWater_Area,Water,relatesToNaturalMatter
BodyOfWater_Intermittent,Water,relatesToNaturalMatter
WaterSurfacePath,Water,relatesToNaturalMatter
Music,SoundInformationBearingThing,relatesToNaturalPhenomena
VisualImage,VisibleLight,relatesToNaturalPhenomena
AmericanWaterLandmark,Water,relatesToNaturalSubstances
Hydrology,Water,relatesToNaturalSubstances
PreciousMetal,Metal,relatesToNaturalSubstances
WaterIndustry,Water,relatesToNaturalSubstances
WaterResources,Water,relatesToNaturalSubstances
BiologicalAgentStuff,OrganicMaterial,relatesToOrganicMatter
BiologicalLivingObject,OrganicMaterial,relatesToOrganicMatter
IvoryWorkOfArt,Ivory,relatesToOrganicMatter
OrganicCompound,OrganicMaterial,relatesToOrganicMatter
UrineTest,Urine,relatesToOrganicMatter
LibraryOfCongressClassification,USLibraryOfCongress_Organization,relatesToOrganizations
Monarchy_Topics,Monarchy,relatesToOrganizations
HomoSapiens_asAnimal,HomoSapiens_asPerson,relatesToPersons
PlanetCrust,OutdoorLocation,relatesToPlaces
Art,ArtsCraftsEquipment,relatesToSecondarySectorProducts
AutoPart,NewAutoDealerPartsMarketCategory,relatesToSecondarySectorProducts
AnimalBLO,SolidTangibleThing,relatesToShapes
AstronomicalObject,FiniteSpatialThing,relatesToShapes
AtomicNucleus,MicroscopicScaleObject,relatesToShapes
Ball,RoundObject,relatesToShapes
Beam_Construction,RectangularParallelepiped,relatesToShapes
BiologicalLivingObject,FiniteSpatialThing,relatesToShapes
Board_PieceOfWood,LinearObject_Tangible,relatesToShapes
Bottle,Bottle_Generic,relatesToShapes
Can,CapsuleContainer,relatesToShapes
CellPart,MicroscopicScaleObject,relatesToShapes
ChemicalObject,MicroscopicScaleObject,relatesToShapes
CitrusFruit,RoundObject,relatesToShapes
Coin_US,RoundObject,relatesToShapes
Cone,RoundObject,relatesToShapes
ContainerIndependentShapedThing,FiniteSpatialThing,relatesToShapes
CordlikeObject,LinearObject_Tangible,relatesToShapes
Cross_ConstructionArtifact,CruciformObject,relatesToShapes
Cross_TortureDevice,CruciformObject,relatesToShapes
Crucifix_ChristianSymbol,CruciformObject,relatesToShapes
Cube,RectangularParallelepiped,relatesToShapes
CustomarySystemOfLinks_Comm,CustomarySystemOfLinks,relatesToShapes
Cylinder,RoundObject,relatesToShapes
EarthOrbit,OrbitalPathClass,relatesToShapes
EcologicalRegion,Environment_Generic,relatesToShapes
Ellipse,RoundObject,relatesToShapes
Ellipsoid,RoundObject,relatesToShapes
EllipticalRegion,RoundObject,relatesToShapes
GeographicalThing,SpatialThing,relatesToShapes
GlobalNaturalEnvironment,Environment_Generic,relatesToShapes
Hoop,RoundObject,relatesToShapes
Jellyfish,Radiata,relatesToShapes
LinkageSystem,CustomarySystemOfLinks,relatesToShapes
LongitudeLine,Semiellipse,relatesToShapes
LowEarthOrbit,OrbitalPathClass,relatesToShapes
MediumEarthOrbit,OrbitalPathClass,relatesToShapes
Microorganism,MicroscopicScaleObject,relatesToShapes
Nanotube,MicroscopicScaleObject,relatesToShapes
NaturalResource,Environment_Generic,relatesToShapes
PathArtifactSystem,CustomarySystemOfLinks,relatesToShapes
Pier,LinearObject_Tangible,relatesToShapes
Pipe_GenericConduit,HollowCylindricalObject,relatesToShapes
PipingSystem_Generic,CustomarySystemOfLinks,relatesToShapes
Plateau,SurfaceLayer_TopSurface,relatesToShapes
Platform,SupportSurface,relatesToShapes
Prion,MicroscopicScaleObject,relatesToShapes
Rotunda,RoundObject,relatesToShapes
SemiSolidTangibleThing,FiniteSpatialThing,relatesToShapes
SocialEnvironment,Environment_Generic,relatesToShapes
Solid_StateOfMatter,SolidTangibleThing,relatesToShapes
SolidTangibleArtifact,SolidTangibleThing,relatesToShapes
SubAtomicParticle,MicroscopicScaleObject,relatesToShapes
SurfaceRegion_Finite,FiniteSpatialThing,relatesToShapes
Topsoil,SurfaceLayer_TopSurface,relatesToShapes
Torus,RoundObject,relatesToShapes
MedicalProcedureOrEvent,Situation_Localized,relatesToSituationTypes
PhysicalContactEvent,PhysicalContactSituation,relatesToSituationTypes
PhysiologicalCondition,AbnormalSystemCondition,relatesToSituationTypes
PhysiologicalCondition,PhysicalSituation,relatesToSituationTypes
PreventingFromHappening,InhibitionSituation,relatesToSituationTypes
Communication,Society,relatesToSociety
Cuisine,CulturalThing,relatesToSociety
PersonTypeByEthnicity,Peoples,relatesToSociety
PersonTypeByNationality,Peoples,relatesToSociety
ComputingInformation,Computation,relatesToSymbolic
ClassificationSystem,System,relatesToSystems
Broadcasting,SubscriberService,relatesToTertiarySectorServices
ElectricPower,PublicUtilityService,relatesToTertiarySectorServices
GamblingBettingEstablishment,EntertainmentService,relatesToTertiarySectorServices
TouristAttraction,EntertainmentService,relatesToTertiarySectorServices
WaterTreatment,PublicUtilityService,relatesToTertiarySectorServices
SpatialThing,Spatial_Topic,relatesToTopicsCategories
TransportByMode,Transportation_Topic,relatesToTopicsCategories
TransportSystem,Transportation_Topic,relatesToTopicsCategories
SilentFilmMusic,Movie_Silent,relatesToVisualInfo
