id,subclassof,parent
http://kbpedia.org/kko/rc/InternationalStandardBookNumber,rdfs:subClassOf,http://kbpedia.org/kko/rc/UniqueID
http://kbpedia.org/kko/rc/InternationalStandardBookNumber,rdfs:subClassOf,owl:Thing
http://kbpedia.org/kko/rc/Password_Computer,rdfs:subClassOf,http://kbpedia.org/kko/rc/Password
http://kbpedia.org/kko/rc/Password_Computer,rdfs:subClassOf,owl:Thing
http://kbpedia.org/kko/rc/Password_Computer,rdfs:subClassOf,http://kbpedia.org/kko/rc/SecurityInformation
http://kbpedia.org/kko/rc/NationalSymbolOfNauru,rdfs:subClassOf,http://kbpedia.org/kko/rc/NationalSymbol
http://kbpedia.org/kko/rc/NationalSymbolOfNauru,rdfs:subClassOf,owl:Thing
http://kbpedia.org/kko/rc/FilePathname,rdfs:subClassOf,http://kbpedia.org/kko/rc/Pathname
http://kbpedia.org/kko/rc/FilePathname,rdfs:subClassOf,owl:Thing
http://kbpedia.org/kko/rc/PostalCode,rdfs:subClassOf,http://kbpedia.org/kko/rc/ContactInfoString
http://kbpedia.org/kko/rc/PostalCode,rdfs:subClassOf,owl:Thing
http://kbpedia.org/kko/rc/PostalCode,rdfs:subClassOf,http://kbpedia.org/kko/rc/Geocode
http://kbpedia.org/kko/rc/PostalCode,rdfs:subClassOf,http://kbpedia.org/kko/rc/Codes
http://kbpedia.org/kko/rc/PostalCode,rdfs:subClassOf,http://kbpedia.org/kko/rc/UniqueID
http://kbpedia.org/kko/rc/Logo,rdfs:subClassOf,http://kbpedia.org/kko/rc/GraphicDesign
http://kbpedia.org/kko/rc/Logo,rdfs:subClassOf,owl:Thing
http://kbpedia.org/kko/rc/Logo,rdfs:subClassOf,http://kbpedia.org/kko/rc/IconicInformation
http://kbpedia.org/kko/rc/Logo,rdfs:subClassOf,http://kbpedia.org/kko/rc/Symbol
http://kbpedia.org/kko/rc/Logo,rdfs:subClassOf,http://kbpedia.org/kko/rc/VisualWork
http://kbpedia.org/kko/rc/MailingAddress,rdfs:subClassOf,http://kbpedia.org/kko/rc/Address_PhysicalLocationDesignator
http://kbpedia.org/kko/rc/MailingAddress,rdfs:subClassOf,owl:Thing
http://kbpedia.org/kko/rc/NonMilitaryRankInsignia,rdfs:subClassOf,http://kbpedia.org/kko/rc/Badge
http://kbpedia.org/kko/rc/NonMilitaryRankInsignia,rdfs:subClassOf,owl:Thing
http://kbpedia.org/kko/rc/NonMilitaryRankInsignia,rdfs:subClassOf,http://kbpedia.org/kko/rc/Insignia
http://kbpedia.org/kko/rc/Crucifix_ChristianSymbol,rdfs:subClassOf,http://kbpedia.org/kko/rc/ArtObject
http://kbpedia.org/kko/rc/Crucifix_ChristianSymbol,rdfs:subClassOf,owl:Thing
http://kbpedia.org/kko/rc/Crucifix_ChristianSymbol,rdfs:subClassOf,http://kbpedia.org/kko/rc/ReligiousObject
http://kbpedia.org/kko/rc/Crucifix_ChristianSymbol,rdfs:subClassOf,http://kbpedia.org/kko/rc/ReligiousSymbol
http://kbpedia.org/kko/rc/ContentLocator,rdfs:subClassOf,http://kbpedia.org/kko/rc/Identifier
http://kbpedia.org/kko/rc/ContentLocator,rdfs:subClassOf,owl:Thing
http://kbpedia.org/kko/rc/IPAddress,rdfs:subClassOf,http://kbpedia.org/kko/rc/IDString
http://kbpedia.org/kko/rc/IPAddress,rdfs:subClassOf,owl:Thing
http://kbpedia.org/kko/rc/IPAddress,rdfs:subClassOf,http://kbpedia.org/kko/rc/InternetProtocolAddress
http://kbpedia.org/kko/rc/CreditCardNumber,rdfs:subClassOf,http://kbpedia.org/kko/rc/UniqueID
http://kbpedia.org/kko/rc/CreditCardNumber,rdfs:subClassOf,owl:Thing
http://kbpedia.org/kko/rc/StreetAddress,rdfs:subClassOf,http://kbpedia.org/kko/rc/ContactInfoString
http://kbpedia.org/kko/rc/StreetAddress,rdfs:subClassOf,owl:Thing
http://kbpedia.org/kko/rc/NationalSymbolOfSark,rdfs:subClassOf,http://kbpedia.org/kko/rc/NationalSymbol
http://kbpedia.org/kko/rc/NationalSymbolOfSark,rdfs:subClassOf,owl:Thing
http://kbpedia.org/kko/rc/UNSPSC,rdfs:subClassOf,http://kbpedia.org/kko/rc/Codes
http://kbpedia.org/kko/rc/UNSPSC,rdfs:subClassOf,owl:Thing
http://kbpedia.org/kko/rc/UNSPSC,rdfs:subClassOf,http://kbpedia.org/kko/rc/IDString
http://kbpedia.org/kko/rc/UNSPSC,rdfs:subClassOf,http://kbpedia.org/kko/rc/UniqueID
http://kbpedia.org/kko/rc/SPDowJonesIndex,rdfs:subClassOf,http://kbpedia.org/kko/rc/StockIndex
http://kbpedia.org/kko/rc/SPDowJonesIndex,rdfs:subClassOf,owl:Thing
http://kbpedia.org/kko/rc/GeopoliticalFlag,rdfs:subClassOf,http://kbpedia.org/kko/rc/Flag
http://kbpedia.org/kko/rc/GeopoliticalFlag,rdfs:subClassOf,owl:Thing
http://kbpedia.org/kko/rc/CAC40_StockIndexGroup,rdfs:subClassOf,http://kbpedia.org/kko/rc/StockIndexGroup
http://kbpedia.org/kko/rc/CAC40_StockIndexGroup,rdfs:subClassOf,owl:Thing
http://kbpedia.org/kko/rc/EMailAddress,rdfs:subClassOf,http://kbpedia.org/kko/rc/ContactInfoString
http://kbpedia.org/kko/rc/EMailAddress,rdfs:subClassOf,owl:Thing
http://kbpedia.org/kko/rc/HumanFamilyNameString,rdfs:subClassOf,http://kbpedia.org/kko/rc/HumanNameString
http://kbpedia.org/kko/rc/HumanFamilyNameString,rdfs:subClassOf,owl:Thing
http://kbpedia.org/kko/rc/PersonalIdentificationNumber,rdfs:subClassOf,http://kbpedia.org/kko/rc/Password
http://kbpedia.org/kko/rc/PersonalIdentificationNumber,rdfs:subClassOf,owl:Thing
http://kbpedia.org/kko/rc/Sash,rdfs:subClassOf,http://kbpedia.org/kko/rc/Insignia
http://kbpedia.org/kko/rc/Sash,rdfs:subClassOf,owl:Thing
http://kbpedia.org/kko/rc/FT30_StockIndexGroup,rdfs:subClassOf,http://kbpedia.org/kko/rc/StockIndexGroup
http://kbpedia.org/kko/rc/FT30_StockIndexGroup,rdfs:subClassOf,owl:Thing
http://kbpedia.org/kko/rc/IDString,rdfs:subClassOf,http://kbpedia.org/kko/rc/IDObject
http://kbpedia.org/kko/rc/IDString,rdfs:subClassOf,owl:Thing
http://kbpedia.org/kko/rc/Address_PhysicalLocationDesignator,rdfs:subClassOf,http://kbpedia.org/kko/rc/ContactInfoString
http://kbpedia.org/kko/rc/Address_PhysicalLocationDesignator,rdfs:subClassOf,owl:Thing
http://kbpedia.org/kko/rc/BroadcastAddress,rdfs:subClassOf,http://kbpedia.org/kko/rc/IPAddress
http://kbpedia.org/kko/rc/BroadcastAddress,rdfs:subClassOf,owl:Thing
http://kbpedia.org/kko/rc/Hyperlink,rdfs:subClassOf,http://kbpedia.org/kko/rc/Identifier
http://kbpedia.org/kko/rc/Hyperlink,rdfs:subClassOf,owl:Thing
http://kbpedia.org/kko/rc/Hyperlink,rdfs:subClassOf,http://kbpedia.org/kko/rc/InformationBearingThing
http://kbpedia.org/kko/rc/Hyperlink,rdfs:subClassOf,http://kbpedia.org/kko/rc/Path_Simple
http://kbpedia.org/kko/rc/Username,rdfs:subClassOf,http://kbpedia.org/kko/rc/IDString
http://kbpedia.org/kko/rc/Username,rdfs:subClassOf,owl:Thing
http://kbpedia.org/kko/rc/Username,rdfs:subClassOf,http://kbpedia.org/kko/rc/SecurityInformation
http://kbpedia.org/kko/rc/Pathname,rdfs:subClassOf,http://kbpedia.org/kko/rc/ComputerNetworkContactInfoString
http://kbpedia.org/kko/rc/Pathname,rdfs:subClassOf,owl:Thing
http://kbpedia.org/kko/rc/IndexNumber,rdfs:subClassOf,http://kbpedia.org/kko/rc/Identifier
http://kbpedia.org/kko/rc/IndexNumber,rdfs:subClassOf,owl:Thing
http://kbpedia.org/kko/rc/IndexNumber,rdfs:subClassOf,http://kbpedia.org/kko/rc/Pointers
http://kbpedia.org/kko/rc/Pointers,rdfs:subClassOf,http://kbpedia.org/ontologies/kko#Indexes
http://kbpedia.org/kko/rc/Pointers,rdfs:subClassOf,owl:Thing
http://kbpedia.org/kko/rc/IDObject,rdfs:subClassOf,http://kbpedia.org/kko/rc/Identifier
http://kbpedia.org/kko/rc/IDObject,rdfs:subClassOf,owl:Thing
http://kbpedia.org/kko/rc/IDObject,rdfs:subClassOf,http://kbpedia.org/kko/rc/InformationBearingObject
http://kbpedia.org/kko/rc/RailwaySignal,rdfs:subClassOf,http://kbpedia.org/kko/rc/ElectricalLightingDevice
http://kbpedia.org/kko/rc/RailwaySignal,rdfs:subClassOf,owl:Thing
http://kbpedia.org/kko/rc/RailwaySignal,rdfs:subClassOf,http://kbpedia.org/kko/rc/InformationBearingObject
http://kbpedia.org/kko/rc/RailwaySignal,rdfs:subClassOf,http://kbpedia.org/kko/rc/SafetyDevice
http://kbpedia.org/kko/rc/RailwaySignal,rdfs:subClassOf,http://kbpedia.org/kko/rc/Signal
http://kbpedia.org/kko/rc/RailwaySignal,rdfs:subClassOf,http://kbpedia.org/kko/rc/VisualInformationBearingThing
http://kbpedia.org/kko/rc/Flag,rdfs:subClassOf,http://kbpedia.org/kko/rc/FreeSheet
http://kbpedia.org/kko/rc/Flag,rdfs:subClassOf,owl:Thing
http://kbpedia.org/kko/rc/Flag,rdfs:subClassOf,http://kbpedia.org/kko/rc/Insignia
http://kbpedia.org/kko/rc/Flag,rdfs:subClassOf,http://kbpedia.org/kko/rc/SurfaceRegion_Tangible
http://kbpedia.org/kko/rc/OakLeaf_MilitaryInsignia,rdfs:subClassOf,http://kbpedia.org/kko/rc/Insignia_ClothingPart
http://kbpedia.org/kko/rc/OakLeaf_MilitaryInsignia,rdfs:subClassOf,owl:Thing
http://kbpedia.org/kko/rc/FTSE100_StockIndexGroup,rdfs:subClassOf,http://kbpedia.org/kko/rc/FTSEStockIndex
http://kbpedia.org/kko/rc/FTSE100_StockIndexGroup,rdfs:subClassOf,owl:Thing
http://kbpedia.org/kko/rc/InternationalPostalCode,rdfs:subClassOf,http://kbpedia.org/kko/rc/PostalCode
http://kbpedia.org/kko/rc/InternationalPostalCode,rdfs:subClassOf,owl:Thing
http://kbpedia.org/kko/rc/Barcode,rdfs:subClassOf,http://kbpedia.org/kko/rc/Codes
http://kbpedia.org/kko/rc/Barcode,rdfs:subClassOf,owl:Thing
http://kbpedia.org/kko/rc/Barcode,rdfs:subClassOf,http://kbpedia.org/kko/rc/InformationBearingObject
http://kbpedia.org/kko/rc/ZipCode,rdfs:subClassOf,http://kbpedia.org/kko/rc/NumericString
http://kbpedia.org/kko/rc/ZipCode,rdfs:subClassOf,owl:Thing
http://kbpedia.org/kko/rc/ZipCode,rdfs:subClassOf,http://kbpedia.org/kko/rc/PostalCode
http://kbpedia.org/kko/rc/FormalInsignia,rdfs:subClassOf,http://kbpedia.org/kko/rc/Badge
http://kbpedia.org/kko/rc/FormalInsignia,rdfs:subClassOf,owl:Thing
http://kbpedia.org/kko/rc/FormalInsignia,rdfs:subClassOf,http://kbpedia.org/kko/rc/Insignia
http://kbpedia.org/kko/rc/UnitedStatesStateInsignia,rdfs:subClassOf,http://kbpedia.org/kko/rc/FormalInsignia
http://kbpedia.org/kko/rc/UnitedStatesStateInsignia,rdfs:subClassOf,owl:Thing
http://kbpedia.org/kko/rc/UnitedStatesStateInsignia,rdfs:subClassOf,http://kbpedia.org/kko/rc/Insignia
http://kbpedia.org/kko/rc/StockIndex,rdfs:subClassOf,http://kbpedia.org/kko/rc/Codes
http://kbpedia.org/kko/rc/StockIndex,rdfs:subClassOf,owl:Thing
http://kbpedia.org/kko/rc/StockIndex,rdfs:subClassOf,http://kbpedia.org/kko/rc/EconomicIndicator
http://kbpedia.org/kko/rc/HumanNameString,rdfs:subClassOf,http://kbpedia.org/kko/rc/ProperNameString
http://kbpedia.org/kko/rc/HumanNameString,rdfs:subClassOf,owl:Thing
http://kbpedia.org/kko/rc/Identifier,rdfs:subClassOf,http://kbpedia.org/ontologies/kko#Indexes
http://kbpedia.org/kko/rc/Identifier,rdfs:subClassOf,owl:Thing
http://kbpedia.org/kko/rc/AreaCode,rdfs:subClassOf,http://kbpedia.org/kko/rc/TelephoneNumberingPlan
http://kbpedia.org/kko/rc/AreaCode,rdfs:subClassOf,owl:Thing
http://kbpedia.org/kko/rc/ContactInfoString,rdfs:subClassOf,http://kbpedia.org/kko/rc/IDString
http://kbpedia.org/kko/rc/ContactInfoString,rdfs:subClassOf,owl:Thing
http://kbpedia.org/kko/rc/UniqueID,rdfs:subClassOf,http://kbpedia.org/kko/rc/IDObject
http://kbpedia.org/kko/rc/UniqueID,rdfs:subClassOf,owl:Thing
http://kbpedia.org/kko/rc/UniqueID,rdfs:subClassOf,http://kbpedia.org/ontologies/kko#StructuredInfo
http://kbpedia.org/kko/rc/FIPSStateCode,rdfs:subClassOf,http://kbpedia.org/kko/rc/Geocode
http://kbpedia.org/kko/rc/FIPSStateCode,rdfs:subClassOf,owl:Thing
http://kbpedia.org/kko/rc/FIPSStateCode,rdfs:subClassOf,http://kbpedia.org/kko/rc/IDString
http://kbpedia.org/kko/rc/FIPSStateCode,rdfs:subClassOf,http://kbpedia.org/kko/rc/UniqueID
http://kbpedia.org/kko/rc/CurrencySymbol,rdfs:subClassOf,http://kbpedia.org/kko/rc/Symbol
http://kbpedia.org/kko/rc/CurrencySymbol,rdfs:subClassOf,owl:Thing
http://kbpedia.org/kko/rc/IMONumber,rdfs:subClassOf,http://kbpedia.org/kko/rc/UniqueID
http://kbpedia.org/kko/rc/IMONumber,rdfs:subClassOf,owl:Thing
http://kbpedia.org/kko/rc/TrafficLight,rdfs:subClassOf,http://kbpedia.org/kko/rc/ElectricalLightingDevice
http://kbpedia.org/kko/rc/TrafficLight,rdfs:subClassOf,owl:Thing
http://kbpedia.org/kko/rc/TrafficLight,rdfs:subClassOf,http://kbpedia.org/kko/rc/InformationBearingObject
http://kbpedia.org/kko/rc/TrafficLight,rdfs:subClassOf,http://kbpedia.org/kko/rc/SafetyDevice
http://kbpedia.org/kko/rc/TrafficLight,rdfs:subClassOf,http://kbpedia.org/kko/rc/Signal
http://kbpedia.org/kko/rc/TrafficLight,rdfs:subClassOf,http://kbpedia.org/kko/rc/VisualInformationBearingThing
http://kbpedia.org/kko/rc/TerritorialSymbolOfYukon,rdfs:subClassOf,http://kbpedia.org/kko/rc/GeopoliticalSymbol
http://kbpedia.org/kko/rc/TerritorialSymbolOfYukon,rdfs:subClassOf,owl:Thing
http://kbpedia.org/kko/rc/ActivismFlag,rdfs:subClassOf,http://kbpedia.org/kko/rc/Flag
http://kbpedia.org/kko/rc/ActivismFlag,rdfs:subClassOf,owl:Thing
http://kbpedia.org/kko/rc/IndexFinger,rdfs:subClassOf,http://kbpedia.org/kko/rc/Finger
http://kbpedia.org/kko/rc/IndexFinger,rdfs:subClassOf,owl:Thing
http://kbpedia.org/kko/rc/IndexFinger,rdfs:subClassOf,http://kbpedia.org/kko/rc/Pointers
http://kbpedia.org/kko/rc/Geocode,rdfs:subClassOf,http://kbpedia.org/kko/rc/Cartography
http://kbpedia.org/kko/rc/Geocode,rdfs:subClassOf,owl:Thing
http://kbpedia.org/kko/rc/Geocode,rdfs:subClassOf,http://kbpedia.org/kko/rc/Codes
http://kbpedia.org/kko/rc/Geocode,rdfs:subClassOf,http://kbpedia.org/kko/rc/IDString
http://kbpedia.org/kko/rc/Geocode,rdfs:subClassOf,http://kbpedia.org/kko/rc/UniqueID
http://kbpedia.org/kko/rc/Gesture,rdfs:subClassOf,http://kbpedia.org/kko/rc/InterAgentSituation
http://kbpedia.org/kko/rc/Gesture,rdfs:subClassOf,owl:Thing
http://kbpedia.org/kko/rc/Gesture,rdfs:subClassOf,http://kbpedia.org/kko/rc/Signal
http://kbpedia.org/kko/rc/Gesture,rdfs:subClassOf,http://kbpedia.org/kko/rc/VisualInformationBearingThing
http://kbpedia.org/kko/rc/Gesture,rdfs:subClassOf,http://kbpedia.org/kko/rc/Situation_Localized
http://kbpedia.org/kko/rc/HashTable_DataStructure,rdfs:subClassOf,http://kbpedia.org/kko/rc/IndexDataStructure
http://kbpedia.org/kko/rc/HashTable_DataStructure,rdfs:subClassOf,owl:Thing
http://kbpedia.org/kko/rc/HashTable_DataStructure,rdfs:subClassOf,http://kbpedia.org/kko/rc/StructuredKnowledgeSource
http://kbpedia.org/kko/rc/DowJonesIndustrials,rdfs:subClassOf,http://kbpedia.org/kko/rc/StockIndexGroup
http://kbpedia.org/kko/rc/DowJonesIndustrials,rdfs:subClassOf,owl:Thing
http://kbpedia.org/kko/rc/PhoneNumber,rdfs:subClassOf,http://kbpedia.org/kko/rc/ContactInfoString
http://kbpedia.org/kko/rc/PhoneNumber,rdfs:subClassOf,owl:Thing
http://kbpedia.org/kko/rc/NationalSymbolOfSomalia,rdfs:subClassOf,http://kbpedia.org/kko/rc/NationalSymbol
http://kbpedia.org/kko/rc/NationalSymbolOfSomalia,rdfs:subClassOf,owl:Thing
http://kbpedia.org/kko/rc/Halo_Symbolic,rdfs:subClassOf,http://kbpedia.org/kko/rc/ReligiousSymbol
http://kbpedia.org/kko/rc/Halo_Symbolic,rdfs:subClassOf,owl:Thing
http://kbpedia.org/kko/rc/Halo_Symbolic,rdfs:subClassOf,http://kbpedia.org/kko/rc/VisibleLight
http://kbpedia.org/kko/rc/SocialSecurityNumber,rdfs:subClassOf,http://kbpedia.org/kko/rc/UniqueID
http://kbpedia.org/kko/rc/SocialSecurityNumber,rdfs:subClassOf,owl:Thing
http://kbpedia.org/kko/rc/VehicleRegistrationPlate,rdfs:subClassOf,http://kbpedia.org/kko/rc/RoadSystem
http://kbpedia.org/kko/rc/VehicleRegistrationPlate,rdfs:subClassOf,owl:Thing
http://kbpedia.org/kko/rc/VehicleRegistrationPlate,rdfs:subClassOf,http://kbpedia.org/kko/rc/UniqueID
http://kbpedia.org/kko/rc/SymbolOfHades,rdfs:subClassOf,http://kbpedia.org/kko/rc/Symbol
http://kbpedia.org/kko/rc/SymbolOfHades,rdfs:subClassOf,owl:Thing
http://kbpedia.org/kko/rc/SignedPurchaseContract,rdfs:subClassOf,http://kbpedia.org/kko/rc/OfficialDocument
http://kbpedia.org/kko/rc/SignedPurchaseContract,rdfs:subClassOf,owl:Thing
http://kbpedia.org/kko/rc/SignedPurchaseContract,rdfs:subClassOf,http://kbpedia.org/ontologies/kko#Indexes
http://kbpedia.org/kko/rc/SignedPurchaseContract,rdfs:subClassOf,http://kbpedia.org/kko/rc/HardcopyInformationBearingObject
http://kbpedia.org/kko/rc/Index_List_Information,rdfs:subClassOf,http://kbpedia.org/kko/rc/List_Information
http://kbpedia.org/kko/rc/Index_List_Information,rdfs:subClassOf,owl:Thing
http://kbpedia.org/kko/rc/Index_List_Information,rdfs:subClassOf,http://kbpedia.org/kko/rc/Pointers
http://kbpedia.org/kko/rc/TreeDataStructure,rdfs:subClassOf,http://kbpedia.org/kko/rc/IndexDataStructure
http://kbpedia.org/kko/rc/TreeDataStructure,rdfs:subClassOf,owl:Thing
http://kbpedia.org/kko/rc/ShippingAddress,rdfs:subClassOf,http://kbpedia.org/kko/rc/MailingAddress
http://kbpedia.org/kko/rc/ShippingAddress,rdfs:subClassOf,owl:Thing
http://kbpedia.org/kko/rc/Codes,rdfs:subClassOf,http://kbpedia.org/ontologies/kko#Indexes
http://kbpedia.org/kko/rc/Codes,rdfs:subClassOf,owl:Thing
http://kbpedia.org/kko/rc/ComputerNetworkContactInfoString,rdfs:subClassOf,http://kbpedia.org/kko/rc/ContactInfoString
http://kbpedia.org/kko/rc/ComputerNetworkContactInfoString,rdfs:subClassOf,owl:Thing
http://kbpedia.org/kko/rc/ComputerNetworkContactInfoString,rdfs:subClassOf,http://kbpedia.org/kko/rc/IDObject
http://kbpedia.org/kko/rc/Index_PointerList,rdfs:subClassOf,http://kbpedia.org/kko/rc/Pointers
http://kbpedia.org/kko/rc/Index_PointerList,rdfs:subClassOf,owl:Thing
http://kbpedia.org/kko/rc/Index_PointerList,rdfs:subClassOf,http://kbpedia.org/kko/rc/StructuredInformationSource
http://kbpedia.org/kko/rc/DowJonesIndustrialAverage_FormerComponent,rdfs:subClassOf,http://kbpedia.org/kko/rc/DowJonesIndustrials
http://kbpedia.org/kko/rc/DowJonesIndustrialAverage_FormerComponent,rdfs:subClassOf,owl:Thing
http://kbpedia.org/kko/rc/StockIndexGroup,rdfs:subClassOf,http://kbpedia.org/kko/rc/InvestmentVehicle
http://kbpedia.org/kko/rc/StockIndexGroup,rdfs:subClassOf,owl:Thing
http://kbpedia.org/kko/rc/StockIndexGroup,rdfs:subClassOf,http://kbpedia.org/kko/rc/StockIndex
http://kbpedia.org/kko/rc/FTSEStockIndex,rdfs:subClassOf,http://kbpedia.org/kko/rc/StockIndexGroup
http://kbpedia.org/kko/rc/FTSEStockIndex,rdfs:subClassOf,owl:Thing
http://kbpedia.org/kko/rc/NationalSymbolOfVietnam,rdfs:subClassOf,http://kbpedia.org/kko/rc/NationalSymbol
http://kbpedia.org/kko/rc/NationalSymbolOfVietnam,rdfs:subClassOf,owl:Thing
http://kbpedia.org/kko/rc/Symbol,rdfs:subClassOf,http://kbpedia.org/kko/rc/Media
http://kbpedia.org/kko/rc/Symbol,rdfs:subClassOf,owl:Thing
http://kbpedia.org/kko/rc/Symbol,rdfs:subClassOf,http://kbpedia.org/kko/rc/SymbolicThing
http://kbpedia.org/kko/rc/Symbol,rdfs:subClassOf,http://kbpedia.org/ontologies/kko#Indexes
http://kbpedia.org/kko/rc/MedicareNumber,rdfs:subClassOf,http://kbpedia.org/kko/rc/IDString
http://kbpedia.org/kko/rc/MedicareNumber,rdfs:subClassOf,owl:Thing
http://kbpedia.org/kko/rc/MedicareNumber,rdfs:subClassOf,http://kbpedia.org/kko/rc/UniqueID
http://kbpedia.org/kko/rc/AccessNumber,rdfs:subClassOf,http://kbpedia.org/kko/rc/PhoneNumber
http://kbpedia.org/kko/rc/AccessNumber,rdfs:subClassOf,owl:Thing
http://kbpedia.org/kko/rc/AlarmSound,rdfs:subClassOf,http://kbpedia.org/kko/rc/AlarmSignal
http://kbpedia.org/kko/rc/AlarmSound,rdfs:subClassOf,owl:Thing
http://kbpedia.org/kko/rc/AlarmSound,rdfs:subClassOf,http://kbpedia.org/kko/rc/SoundInformationBearingThing
http://kbpedia.org/kko/rc/PassportIdentificationNumber,rdfs:subClassOf,http://kbpedia.org/kko/rc/UniqueID
http://kbpedia.org/kko/rc/PassportIdentificationNumber,rdfs:subClassOf,owl:Thing
http://kbpedia.org/kko/rc/CompletedRegistration,rdfs:subClassOf,http://kbpedia.org/kko/rc/SignedPurchaseContract
http://kbpedia.org/kko/rc/CompletedRegistration,rdfs:subClassOf,owl:Thing
http://kbpedia.org/kko/rc/SymbolOfTheNorthwestTerritories,rdfs:subClassOf,http://kbpedia.org/kko/rc/GeopoliticalSymbol
http://kbpedia.org/kko/rc/SymbolOfTheNorthwestTerritories,rdfs:subClassOf,owl:Thing
http://kbpedia.org/kko/rc/DomainName,rdfs:subClassOf,http://kbpedia.org/kko/rc/ContactInfoString
http://kbpedia.org/kko/rc/DomainName,rdfs:subClassOf,owl:Thing
http://kbpedia.org/kko/rc/SirenSound,rdfs:subClassOf,http://kbpedia.org/kko/rc/AlarmSound
http://kbpedia.org/kko/rc/SirenSound,rdfs:subClassOf,owl:Thing
http://kbpedia.org/kko/rc/NationalSymbolOfTheRepublicOfChina,rdfs:subClassOf,http://kbpedia.org/kko/rc/NationalSymbol
http://kbpedia.org/kko/rc/NationalSymbolOfTheRepublicOfChina,rdfs:subClassOf,owl:Thing
http://kbpedia.org/ontologies/kko#Indexes,rdfs:subClassOf,http://kbpedia.org/ontologies/kko#RepresentationTypes
http://kbpedia.org/ontologies/kko#Indexes,rdfs:subClassOf,owl:Thing
http://kbpedia.org/kko/rc/Signature,rdfs:subClassOf,http://kbpedia.org/kko/rc/CharacterStringToken_Inscribed
http://kbpedia.org/kko/rc/Signature,rdfs:subClassOf,owl:Thing
http://kbpedia.org/kko/rc/Signature,rdfs:subClassOf,http://kbpedia.org/kko/rc/HandwrittenDocument
http://kbpedia.org/kko/rc/Signature,rdfs:subClassOf,http://kbpedia.org/kko/rc/SymbolicObject
http://kbpedia.org/kko/rc/Signature,rdfs:subClassOf,http://kbpedia.org/ontologies/kko#Indexes
http://kbpedia.org/kko/rc/Password,rdfs:subClassOf,http://kbpedia.org/kko/rc/IDString
http://kbpedia.org/kko/rc/Password,rdfs:subClassOf,owl:Thing
http://kbpedia.org/kko/rc/Password,rdfs:subClassOf,http://kbpedia.org/kko/rc/NLWordForm
http://kbpedia.org/kko/rc/IndexDataStructure,rdfs:subClassOf,http://kbpedia.org/kko/rc/ComputerDataStructure
http://kbpedia.org/kko/rc/IndexDataStructure,rdfs:subClassOf,owl:Thing
http://kbpedia.org/kko/rc/IndexDataStructure,rdfs:subClassOf,http://kbpedia.org/kko/rc/Index_PointerList
http://kbpedia.org/kko/rc/HammerAndSickle,rdfs:subClassOf,http://kbpedia.org/kko/rc/SymbolOfCommunism
http://kbpedia.org/kko/rc/HammerAndSickle,rdfs:subClassOf,owl:Thing
http://kbpedia.org/kko/rc/DocumentLocator,rdfs:subClassOf,http://kbpedia.org/kko/rc/ContentLocator
http://kbpedia.org/kko/rc/DocumentLocator,rdfs:subClassOf,owl:Thing
http://kbpedia.org/kko/rc/NationalSymbolOfAlgeria,rdfs:subClassOf,http://kbpedia.org/kko/rc/NationalSymbol
http://kbpedia.org/kko/rc/NationalSymbolOfAlgeria,rdfs:subClassOf,owl:Thing
http://kbpedia.org/kko/rc/AlarmSignal,rdfs:subClassOf,http://kbpedia.org/kko/rc/Signal
http://kbpedia.org/kko/rc/AlarmSignal,rdfs:subClassOf,owl:Thing
http://kbpedia.org/kko/rc/AlarmSignal,rdfs:subClassOf,http://kbpedia.org/kko/rc/SoundsByType
http://kbpedia.org/kko/rc/AlarmSignal,rdfs:subClassOf,http://kbpedia.org/kko/rc/Sound
http://kbpedia.org/kko/rc/Autograph,rdfs:subClassOf,http://kbpedia.org/kko/rc/Signature
http://kbpedia.org/kko/rc/Autograph,rdfs:subClassOf,owl:Thing
http://kbpedia.org/kko/rc/UniformResourceLocator,rdfs:subClassOf,http://kbpedia.org/kko/rc/UniformResourceIdentifier
http://kbpedia.org/kko/rc/UniformResourceLocator,rdfs:subClassOf,owl:Thing
http://kbpedia.org/kko/rc/BTree_DataStructure,rdfs:subClassOf,http://kbpedia.org/kko/rc/IndexDataStructure
http://kbpedia.org/kko/rc/BTree_DataStructure,rdfs:subClassOf,owl:Thing
http://kbpedia.org/kko/rc/NationalSymbolOfThePalestinianNationalAuthority,rdfs:subClassOf,http://kbpedia.org/kko/rc/NationalSymbol
http://kbpedia.org/kko/rc/NationalSymbolOfThePalestinianNationalAuthority,rdfs:subClassOf,owl:Thing
http://kbpedia.org/kko/rc/USCProductTypeCode,rdfs:subClassOf,http://kbpedia.org/kko/rc/Codes
http://kbpedia.org/kko/rc/USCProductTypeCode,rdfs:subClassOf,owl:Thing
http://kbpedia.org/kko/rc/USCProductTypeCode,rdfs:subClassOf,http://kbpedia.org/kko/rc/IDString
http://kbpedia.org/kko/rc/USCProductTypeCode,rdfs:subClassOf,http://kbpedia.org/kko/rc/UniqueID
http://kbpedia.org/kko/rc/DirectoryPathname,rdfs:subClassOf,http://kbpedia.org/kko/rc/Pathname
http://kbpedia.org/kko/rc/DirectoryPathname,rdfs:subClassOf,owl:Thing
http://kbpedia.org/kko/rc/Abbreviation,rdfs:subClassOf,http://kbpedia.org/kko/rc/ProperNameString
http://kbpedia.org/kko/rc/Abbreviation,rdfs:subClassOf,owl:Thing
http://kbpedia.org/kko/rc/Acronym,rdfs:subClassOf,http://kbpedia.org/kko/rc/Abbreviation
http://kbpedia.org/kko/rc/Acronym,rdfs:subClassOf,owl:Thing
http://kbpedia.org/kko/rc/HeraldicDevice,rdfs:subClassOf,http://kbpedia.org/kko/rc/Insignia
http://kbpedia.org/kko/rc/HeraldicDevice,rdfs:subClassOf,owl:Thing
http://kbpedia.org/kko/rc/CallSign,rdfs:subClassOf,http://kbpedia.org/kko/rc/Identifier
http://kbpedia.org/kko/rc/CallSign,rdfs:subClassOf,owl:Thing
http://kbpedia.org/kko/rc/FTSE250_StockIndexGroup,rdfs:subClassOf,http://kbpedia.org/kko/rc/FTSEStockIndex
http://kbpedia.org/kko/rc/FTSE250_StockIndexGroup,rdfs:subClassOf,owl:Thing
http://kbpedia.org/kko/rc/Evidence,rdfs:subClassOf,http://kbpedia.org/kko/rc/VerificationOfTruth
http://kbpedia.org/kko/rc/Evidence,rdfs:subClassOf,owl:Thing
http://kbpedia.org/kko/rc/Evidence,rdfs:subClassOf,http://kbpedia.org/ontologies/kko#Indexes
http://kbpedia.org/kko/rc/GoodMailingStatus,rdfs:subClassOf,http://kbpedia.org/kko/rc/Address_PhysicalLocationDesignator
http://kbpedia.org/kko/rc/GoodMailingStatus,rdfs:subClassOf,owl:Thing
http://kbpedia.org/kko/rc/TelephoneNumberingPlan,rdfs:subClassOf,http://kbpedia.org/kko/rc/NumericString
http://kbpedia.org/kko/rc/TelephoneNumberingPlan,rdfs:subClassOf,owl:Thing
http://kbpedia.org/kko/rc/TelephoneNumberingPlan,rdfs:subClassOf,http://kbpedia.org/kko/rc/PhoneNumber
http://kbpedia.org/kko/rc/SymbolOfCommunism,rdfs:subClassOf,http://kbpedia.org/kko/rc/Communism
http://kbpedia.org/kko/rc/SymbolOfCommunism,rdfs:subClassOf,owl:Thing
http://kbpedia.org/kko/rc/SymbolOfCommunism,rdfs:subClassOf,http://kbpedia.org/kko/rc/GeopoliticalSymbol
http://kbpedia.org/kko/rc/NationalSymbol,rdfs:subClassOf,http://kbpedia.org/kko/rc/GeopoliticalSymbol
http://kbpedia.org/kko/rc/NationalSymbol,rdfs:subClassOf,owl:Thing
http://kbpedia.org/kko/rc/NationalSymbol,rdfs:subClassOf,http://kbpedia.org/kko/rc/Nationalism
http://kbpedia.org/kko/rc/PressPass,rdfs:subClassOf,http://kbpedia.org/kko/rc/IDObject
http://kbpedia.org/kko/rc/PressPass,rdfs:subClassOf,owl:Thing
http://kbpedia.org/kko/rc/UniformResourceIdentifier,rdfs:subClassOf,http://kbpedia.org/kko/rc/IDString
http://kbpedia.org/kko/rc/UniformResourceIdentifier,rdfs:subClassOf,owl:Thing
http://kbpedia.org/kko/rc/IndianStateInsignia,rdfs:subClassOf,http://kbpedia.org/kko/rc/FormalInsignia
http://kbpedia.org/kko/rc/IndianStateInsignia,rdfs:subClassOf,owl:Thing
http://kbpedia.org/kko/rc/IndianStateInsignia,rdfs:subClassOf,http://kbpedia.org/kko/rc/Insignia
http://kbpedia.org/kko/rc/GeopoliticalSymbol,rdfs:subClassOf,http://kbpedia.org/kko/rc/Symbol
http://kbpedia.org/kko/rc/GeopoliticalSymbol,rdfs:subClassOf,owl:Thing
http://kbpedia.org/kko/rc/EPIC_FinancialIDString,rdfs:subClassOf,http://kbpedia.org/kko/rc/IDString
http://kbpedia.org/kko/rc/EPIC_FinancialIDString,rdfs:subClassOf,owl:Thing
http://kbpedia.org/kko/rc/EPIC_FinancialIDString,rdfs:subClassOf,http://kbpedia.org/kko/rc/UniqueID
http://kbpedia.org/kko/rc/SerialNumber_String,rdfs:subClassOf,http://kbpedia.org/kko/rc/IDString
http://kbpedia.org/kko/rc/SerialNumber_String,rdfs:subClassOf,owl:Thing
http://kbpedia.org/kko/rc/SerialNumber_String,rdfs:subClassOf,http://kbpedia.org/kko/rc/UniqueID
http://kbpedia.org/kko/rc/Insignia,rdfs:subClassOf,http://kbpedia.org/kko/rc/Signage
http://kbpedia.org/kko/rc/Insignia,rdfs:subClassOf,owl:Thing
http://kbpedia.org/kko/rc/Insignia,rdfs:subClassOf,http://kbpedia.org/kko/rc/Symbol
http://kbpedia.org/kko/rc/Insignia,rdfs:subClassOf,http://kbpedia.org/kko/rc/SymbolicObject
http://kbpedia.org/kko/rc/Insignia,rdfs:subClassOf,http://kbpedia.org/kko/rc/VisualInformationBearingThing
http://kbpedia.org/kko/rc/PunctuationMark,rdfs:subClassOf,http://kbpedia.org/kko/rc/AuxiliaryWritingMark
http://kbpedia.org/kko/rc/PunctuationMark,rdfs:subClassOf,owl:Thing
http://kbpedia.org/kko/rc/PunctuationMark,rdfs:subClassOf,http://kbpedia.org/kko/rc/Punctuation
http://kbpedia.org/kko/rc/PunctuationMark,rdfs:subClassOf,http://kbpedia.org/ontologies/kko#Indexes
http://kbpedia.org/kko/rc/Trademark_String,rdfs:subClassOf,http://kbpedia.org/kko/rc/ProperNameString
http://kbpedia.org/kko/rc/Trademark_String,rdfs:subClassOf,owl:Thing
http://kbpedia.org/kko/rc/Insignia_ClothingPart,rdfs:subClassOf,http://kbpedia.org/kko/rc/Badge
http://kbpedia.org/kko/rc/Insignia_ClothingPart,rdfs:subClassOf,owl:Thing
http://kbpedia.org/kko/rc/Insignia_ClothingPart,rdfs:subClassOf,http://kbpedia.org/kko/rc/ClothingAccessory
http://kbpedia.org/kko/rc/Insignia_ClothingPart,rdfs:subClassOf,http://kbpedia.org/kko/rc/Insignia
http://kbpedia.org/kko/rc/Signal,rdfs:subClassOf,http://kbpedia.org/kko/rc/InformationBearingThing
http://kbpedia.org/kko/rc/Signal,rdfs:subClassOf,owl:Thing
http://kbpedia.org/kko/rc/Signal,rdfs:subClassOf,http://kbpedia.org/kko/rc/Pointers
http://kbpedia.org/kko/rc/StandardAndPoors100,rdfs:subClassOf,http://kbpedia.org/kko/rc/StockIndexGroup
http://kbpedia.org/kko/rc/StandardAndPoors100,rdfs:subClassOf,owl:Thing
http://kbpedia.org/kko/rc/AmateurRadioCallSign,rdfs:subClassOf,http://kbpedia.org/kko/rc/CallSign
http://kbpedia.org/kko/rc/AmateurRadioCallSign,rdfs:subClassOf,owl:Thing
http://kbpedia.org/kko/rc/FIPSState_CountyCode,rdfs:subClassOf,http://kbpedia.org/kko/rc/Geocode
http://kbpedia.org/kko/rc/FIPSState_CountyCode,rdfs:subClassOf,owl:Thing
http://kbpedia.org/kko/rc/FIPSState_CountyCode,rdfs:subClassOf,http://kbpedia.org/kko/rc/IDString
http://kbpedia.org/kko/rc/FIPSState_CountyCode,rdfs:subClassOf,http://kbpedia.org/kko/rc/UniqueID
http://kbpedia.org/kko/rc/ISEQStockIndex,rdfs:subClassOf,http://kbpedia.org/kko/rc/StockIndexGroup
http://kbpedia.org/kko/rc/ISEQStockIndex,rdfs:subClassOf,owl:Thing
http://kbpedia.org/kko/rc/Full_stop,rdfs:subClassOf,http://kbpedia.org/kko/rc/PunctuationMark
http://kbpedia.org/kko/rc/Full_stop,rdfs:subClassOf,owl:Thing
http://kbpedia.org/kko/rc/NationalSymbolOfHerm,rdfs:subClassOf,http://kbpedia.org/kko/rc/NationalSymbol
http://kbpedia.org/kko/rc/NationalSymbolOfHerm,rdfs:subClassOf,owl:Thing
http://kbpedia.org/kko/rc/ProperNameString,rdfs:subClassOf,http://kbpedia.org/kko/rc/ControlCharacterFreeString
http://kbpedia.org/kko/rc/ProperNameString,rdfs:subClassOf,owl:Thing
http://kbpedia.org/kko/rc/ProperNameString,rdfs:subClassOf,http://kbpedia.org/kko/rc/IDString
http://kbpedia.org/kko/rc/DriversLicenseNumber,rdfs:subClassOf,http://kbpedia.org/kko/rc/UniqueID
http://kbpedia.org/kko/rc/DriversLicenseNumber,rdfs:subClassOf,owl:Thing
http://kbpedia.org/kko/rc/TerritorialSymbolOfNunavut,rdfs:subClassOf,http://kbpedia.org/kko/rc/GeopoliticalSymbol
http://kbpedia.org/kko/rc/TerritorialSymbolOfNunavut,rdfs:subClassOf,owl:Thing
http://kbpedia.org/kko/rc/StarTrekRankOrInsignia,rdfs:subClassOf,http://kbpedia.org/kko/rc/Insignia
http://kbpedia.org/kko/rc/StarTrekRankOrInsignia,rdfs:subClassOf,owl:Thing
http://kbpedia.org/kko/rc/Emblem,rdfs:subClassOf,http://kbpedia.org/kko/rc/Symbol
http://kbpedia.org/kko/rc/Emblem,rdfs:subClassOf,owl:Thing
http://kbpedia.org/kko/rc/Swastika,rdfs:subClassOf,http://kbpedia.org/kko/rc/GeopoliticalSymbol
http://kbpedia.org/kko/rc/Swastika,rdfs:subClassOf,owl:Thing
http://kbpedia.org/kko/rc/Swastika,rdfs:subClassOf,http://kbpedia.org/kko/rc/VisualInformationBearingThing
http://kbpedia.org/kko/rc/ReligiousSymbol,rdfs:subClassOf,http://kbpedia.org/kko/rc/Symbol
http://kbpedia.org/kko/rc/ReligiousSymbol,rdfs:subClassOf,owl:Thing
http://kbpedia.org/kko/rc/ProductName,rdfs:subClassOf,http://kbpedia.org/kko/rc/ProperNameString
http://kbpedia.org/kko/rc/ProductName,rdfs:subClassOf,owl:Thing
http://kbpedia.org/kko/rc/StandardAndPoors500,rdfs:subClassOf,http://kbpedia.org/kko/rc/StockIndexGroup
http://kbpedia.org/kko/rc/StandardAndPoors500,rdfs:subClassOf,owl:Thing
http://kbpedia.org/kko/rc/CheckingAccountNumber,rdfs:subClassOf,http://kbpedia.org/kko/rc/UniqueID
http://kbpedia.org/kko/rc/CheckingAccountNumber,rdfs:subClassOf,owl:Thing
http://kbpedia.org/kko/rc/HandGesture,rdfs:subClassOf,http://kbpedia.org/kko/rc/Gesture
http://kbpedia.org/kko/rc/HandGesture,rdfs:subClassOf,owl:Thing
